categoria,ies,nome,prof_id
PERMANENTE,PONTIFÍCIA UNIVERSIDADE CATÓLICA DO RIO DE JANEIRO,ALBERTO BARBOSA RAPOSO,45079
PERMANENTE,PONTIFÍCIA UNIVERSIDADE CATÓLICA DO RIO DE JANEIRO,ALESSANDRO FABRICIO GARCIA,45076
COLABORADOR,PONTIFÍCIA UNIVERSIDADE CATÓLICA DO RIO DE JANEIRO,ANTONIO LUZ FURTADO,45077
PERMANENTE,PONTIFÍCIA UNIVERSIDADE CATÓLICA DO RIO DE JANEIRO,ARNDT VON STAA,45074
PERMANENTE,PONTIFÍCIA UNIVERSIDADE CATÓLICA DO RIO DE JANEIRO,BRUNO FEIJO,45093
PERMANENTE,PONTIFÍCIA UNIVERSIDADE CATÓLICA DO RIO DE JANEIRO,CARLOS JOSE PEREIRA DE LUCENA,45083
PERMANENTE,PONTIFÍCIA UNIVERSIDADE CATÓLICA DO RIO DE JANEIRO,CLARISSE SIECKENIUS DE SOUZA,45075
PERMANENTE,PONTIFÍCIA UNIVERSIDADE CATÓLICA DO RIO DE JANEIRO,DANIEL SCHWABE,45089
PERMANENTE,PONTIFÍCIA UNIVERSIDADE CATÓLICA DO RIO DE JANEIRO,EDUARDO SANY LABER,45090
PERMANENTE,PONTIFÍCIA UNIVERSIDADE CATÓLICA DO RIO DE JANEIRO,EDWARD HERMANN HAEUSLER,45081
PERMANENTE,PONTIFÍCIA UNIVERSIDADE CATÓLICA DO RIO DE JANEIRO,HELIO CORTES VIEIRA LOPES,93222
PERMANENTE,PONTIFÍCIA UNIVERSIDADE CATÓLICA DO RIO DE JANEIRO,HUGO FUKS,45084
PERMANENTE,PONTIFÍCIA UNIVERSIDADE CATÓLICA DO RIO DE JANEIRO,JULIO CESAR SAMPAIO DO PRADO LEITE,45080
PERMANENTE,PONTIFÍCIA UNIVERSIDADE CATÓLICA DO RIO DE JANEIRO,MARCELO GATTASS,45087
PERMANENTE,PONTIFÍCIA UNIVERSIDADE CATÓLICA DO RIO DE JANEIRO,MARCO ANTONIO CASANOVA,45086
PERMANENTE,PONTIFÍCIA UNIVERSIDADE CATÓLICA DO RIO DE JANEIRO,MARCO SERPA MOLINARO,147876
PERMANENTE,PONTIFÍCIA UNIVERSIDADE CATÓLICA DO RIO DE JANEIRO,MARCUS VINICIUS SOLEDADE POGGI DE ARAGAO,45095
PERMANENTE,PONTIFÍCIA UNIVERSIDADE CATÓLICA DO RIO DE JANEIRO,MARKUS ENDLER,45091
PERMANENTE,PONTIFÍCIA UNIVERSIDADE CATÓLICA DO RIO DE JANEIRO,NOEMI DE LA ROCQUE RODRIGUEZ,45078
PERMANENTE,PONTIFÍCIA UNIVERSIDADE CATÓLICA DO RIO DE JANEIRO,ROBERTO IERUSALIMSCHY,45094
PERMANENTE,PONTIFÍCIA UNIVERSIDADE CATÓLICA DO RIO DE JANEIRO,RUY LUIZ MILIDIU,45082
PERMANENTE,PONTIFÍCIA UNIVERSIDADE CATÓLICA DO RIO DE JANEIRO,SERGIO LIFSCHITZ,94858
PERMANENTE,PONTIFÍCIA UNIVERSIDADE CATÓLICA DO RIO DE JANEIRO,SIMONE DINIZ JUNQUEIRA BARBOSA,45073
PERMANENTE,PONTIFÍCIA UNIVERSIDADE CATÓLICA DO RIO DE JANEIRO,THIBAUT VICTOR GASTON VIDAL,129960
PERMANENTE,PONTIFÍCIA UNIVERSIDADE CATÓLICA DO RIO DE JANEIRO,WALDEMAR CELES FILHO,45088
PERMANENTE,PONTIFÍCIA UNIVERSIDADE CATÓLICA DO RIO GRANDE DO SUL,ALEXANDRE DE MORAIS AMORY,86215
PERMANENTE,PONTIFÍCIA UNIVERSIDADE CATÓLICA DO RIO GRANDE DO SUL,AVELINO FRANCISCO ZORZO,86200
PERMANENTE,PONTIFÍCIA UNIVERSIDADE CATÓLICA DO RIO GRANDE DO SUL,CESAR AUGUSTO FONTICIELHA DE ROSE,86199
PERMANENTE,PONTIFÍCIA UNIVERSIDADE CATÓLICA DO RIO GRANDE DO SUL,CESAR AUGUSTO MISSIO MARCON,86210
PERMANENTE,PONTIFÍCIA UNIVERSIDADE CATÓLICA DO RIO GRANDE DO SUL,DUNCAN DUBUGRAS ALCOBA RUIZ,86195
PERMANENTE,PONTIFÍCIA UNIVERSIDADE CATÓLICA DO RIO GRANDE DO SUL,FABIANO PASSUELO HESSEL,86201
PERMANENTE,PONTIFÍCIA UNIVERSIDADE CATÓLICA DO RIO GRANDE DO SUL,FELIPE RECH MENEGUZZI,86213
PERMANENTE,PONTIFÍCIA UNIVERSIDADE CATÓLICA DO RIO GRANDE DO SUL,FERNANDO GEHM MORAES,86192
PERMANENTE,PONTIFÍCIA UNIVERSIDADE CATÓLICA DO RIO GRANDE DO SUL,FERNANDO LUIS DOTTI,86197
PERMANENTE,PONTIFÍCIA UNIVERSIDADE CATÓLICA DO RIO GRANDE DO SUL,ISABEL HARB MANSSOUR,109880
COLABORADOR,PONTIFÍCIA UNIVERSIDADE CATÓLICA DO RIO GRANDE DO SUL,JORGE LUIS NICOLAS AUDY,86202
PERMANENTE,PONTIFÍCIA UNIVERSIDADE CATÓLICA DO RIO GRANDE DO SUL,LUIZ GUSTAVO LEAO FERNANDES,86206
PERMANENTE,PONTIFÍCIA UNIVERSIDADE CATÓLICA DO RIO GRANDE DO SUL,MARCIA BORBA CAMPOS,120944
PERMANENTE,PONTIFÍCIA UNIVERSIDADE CATÓLICA DO RIO GRANDE DO SUL,MARCIO SARROGLIA PINHO,86207
PERMANENTE,PONTIFÍCIA UNIVERSIDADE CATÓLICA DO RIO GRANDE DO SUL,MILENE SELBACH SILVEIRA,86209
PERMANENTE,PONTIFÍCIA UNIVERSIDADE CATÓLICA DO RIO GRANDE DO SUL,NEY LAERT VILAR CALAZANS,86194
PERMANENTE,PONTIFÍCIA UNIVERSIDADE CATÓLICA DO RIO GRANDE DO SUL,OSMAR NORBERTO DE SOUZA,86204
PERMANENTE,PONTIFÍCIA UNIVERSIDADE CATÓLICA DO RIO GRANDE DO SUL,RAFAEL HEITOR BORDINI,86214
PERMANENTE,PONTIFÍCIA UNIVERSIDADE CATÓLICA DO RIO GRANDE DO SUL,RAFAEL PRIKLADNICKI,86205
PERMANENTE,PONTIFÍCIA UNIVERSIDADE CATÓLICA DO RIO GRANDE DO SUL,RENATA VIEIRA,86203
PERMANENTE,PONTIFÍCIA UNIVERSIDADE CATÓLICA DO RIO GRANDE DO SUL,RODRIGO COELHO BARROS,109849
PERMANENTE,PONTIFÍCIA UNIVERSIDADE CATÓLICA DO RIO GRANDE DO SUL,SABRINA DOS SANTOS MARCZAK,99777
PERMANENTE,PONTIFÍCIA UNIVERSIDADE CATÓLICA DO RIO GRANDE DO SUL,SORAIA RAUPP MUSSE,86212
PERMANENTE,PONTIFÍCIA UNIVERSIDADE CATÓLICA DO RIO GRANDE DO SUL,TIAGO COELHO FERRETO,86216
PERMANENTE,UNIVERSIDADE FEDERAL FLUMINENSE,ALEXANDRE PLASTINO DE CARVALHO,43153
PERMANENTE,UNIVERSIDADE FEDERAL FLUMINENSE,ALINE MARINS PAES,152411
PERMANENTE,UNIVERSIDADE FEDERAL FLUMINENSE,ANA CRISTINA BICHARRA GARCIA,43141
PERMANENTE,UNIVERSIDADE FEDERAL FLUMINENSE,ANSELMO ANTUNES MONTENEGRO,43160
PERMANENTE,UNIVERSIDADE FEDERAL FLUMINENSE,ANTONIO AUGUSTO DE ARAGAO ROCHA,43170
PERMANENTE,UNIVERSIDADE FEDERAL FLUMINENSE,AURA CONCI,43146
PERMANENTE,UNIVERSIDADE FEDERAL FLUMINENSE,BRUNO LOPES VIEIRA,152538
PERMANENTE,UNIVERSIDADE FEDERAL FLUMINENSE,CARLOS ALBERTO DE JESUS MARTINHON,43144
PERMANENTE,UNIVERSIDADE FEDERAL FLUMINENSE,CELIO VINICIUS NEVES DE ALBUQUERQUE,43159
PERMANENTE,UNIVERSIDADE FEDERAL FLUMINENSE,CELSO DA CRUZ CARNEIRO RIBEIRO,43156
PERMANENTE,UNIVERSIDADE FEDERAL FLUMINENSE,CHRISTIANO DE OLIVEIRA BRAGA,43157
PERMANENTE,UNIVERSIDADE FEDERAL FLUMINENSE,CRISTINA NADER VASCONCELOS,127939
PERMANENTE,UNIVERSIDADE FEDERAL FLUMINENSE,DANIEL CARDOSO MORAES DE OLIVEIRA,96557
PERMANENTE,UNIVERSIDADE FEDERAL FLUMINENSE,DANIELA TREVISAN,43165
PERMANENTE,UNIVERSIDADE FEDERAL FLUMINENSE,DEBORA CHRISTINA MUCHALUAT SAADE,43175
PERMANENTE,UNIVERSIDADE FEDERAL FLUMINENSE,DIEGO GIMENEZ PASSOS,114481
PERMANENTE,UNIVERSIDADE FEDERAL FLUMINENSE,ESTEBAN WALTER GONZALEZ CLUA,43162
PERMANENTE,UNIVERSIDADE FEDERAL FLUMINENSE,EUGENE FRANCIS VINOD REBELLO,43143
PERMANENTE,UNIVERSIDADE FEDERAL FLUMINENSE,FÁBIO PROTTI,43158
PERMANENTE,UNIVERSIDADE FEDERAL FLUMINENSE,IGOR MONTEIRO MORAES,43166
PERMANENTE,UNIVERSIDADE FEDERAL FLUMINENSE,JOSE RICARDO DE ALMEIDA TORREAO,43145
PERMANENTE,UNIVERSIDADE FEDERAL FLUMINENSE,JOSE VITERBO FILHO,43174
PERMANENTE,UNIVERSIDADE FEDERAL FLUMINENSE,JULIO CESAR STACCHINI DE SOUZA,43147
PERMANENTE,UNIVERSIDADE FEDERAL FLUMINENSE,LEANDRO AUGUSTO FRATA FERNANDES,43171
PERMANENTE,UNIVERSIDADE FEDERAL FLUMINENSE,LEONARDO GRESTA PAULINO MURTA,43163
PERMANENTE,UNIVERSIDADE FEDERAL FLUMINENSE,LOANA TITO NOGUEIRA,43161
PERMANENTE,UNIVERSIDADE FEDERAL FLUMINENSE,LUCIA MARIA DE ASSUMPCAO DRUMMOND,43140
PERMANENTE,UNIVERSIDADE FEDERAL FLUMINENSE,LUCIANA CARDOSO DE CASTRO SALGADO,161712
PERMANENTE,UNIVERSIDADE FEDERAL FLUMINENSE,LUIS ANTONIO BRASIL KOWADA,135250
PERMANENTE,UNIVERSIDADE FEDERAL FLUMINENSE,LUIS MARTI OROSA,137497
PERMANENTE,UNIVERSIDADE FEDERAL FLUMINENSE,LUIZ ANDRE PORTES PAES LEME,113714
PERMANENTE,UNIVERSIDADE FEDERAL FLUMINENSE,LUIZ SATORU OCHI,43139
PERMANENTE,UNIVERSIDADE FEDERAL FLUMINENSE,MARCOS DE OLIVEIRA LAGE FERREIRA,96558
PERMANENTE,UNIVERSIDADE FEDERAL FLUMINENSE,MARCOS KALINOWSKI,128513
COLABORADOR,UNIVERSIDADE FEDERAL FLUMINENSE,MAURICIO KISCHINHEVSKY,96559
PERMANENTE,UNIVERSIDADE FEDERAL FLUMINENSE,MILTON BROWN DO COUTTO FILHO,43150
PERMANENTE,UNIVERSIDADE FEDERAL FLUMINENSE,ORLANDO GOMES LOQUES FILHO,43151
PERMANENTE,UNIVERSIDADE FEDERAL FLUMINENSE,SIMONE DE LIMA MARTINS,43155
PERMANENTE,UNIVERSIDADE FEDERAL FLUMINENSE,UEVERTON DOS SANTOS SOUZA,135249
PERMANENTE,UNIVERSIDADE FEDERAL FLUMINENSE,VANESSA BRAGANHOLO MURTA,43173
PERMANENTE,UNIVERSIDADE FEDERAL FLUMINENSE,VIVIANE TORRES DA SILVA,43164
PERMANENTE,UNIVERSIDADE FEDERAL FLUMINENSE,YURI ABITBOL DE MENEZES FROTA,43168
PERMANENTE,UNIVERSIDADE FEDERAL DE MINAS GERAIS,ADRIANO ALONSO VELOSO,49019
PERMANENTE,UNIVERSIDADE FEDERAL DE MINAS GERAIS,ADRIANO CESAR MACHADO PEREIRA,106632
PERMANENTE,UNIVERSIDADE FEDERAL DE MINAS GERAIS,ALBERTO HENRIQUE FRADE LAENDER,48990
PERMANENTE,UNIVERSIDADE FEDERAL DE MINAS GERAIS,ALEXANDRE SALLES DA CUNHA,49010
PERMANENTE,UNIVERSIDADE FEDERAL DE MINAS GERAIS,ANA PAULA COUTO DA SILVA,106745
PERMANENTE,UNIVERSIDADE FEDERAL DE MINAS GERAIS,ANTONIO ALFREDO FERREIRA LOUREIRO,48983
COLABORADOR,UNIVERSIDADE FEDERAL DE MINAS GERAIS,ANTONIO OTAVIO FERNANDES,48991
PERMANENTE,UNIVERSIDADE FEDERAL DE MINAS GERAIS,ARNALDO DE ALBUQUERQUE ARAUJO,48984
PERMANENTE,UNIVERSIDADE FEDERAL DE MINAS GERAIS,BERTHIER RIBEIRO DE ARAUJO NETO,48985
PERMANENTE,UNIVERSIDADE FEDERAL DE MINAS GERAIS,CLODOVEU AUGUSTO DAVIS JUNIOR,49013
COLABORADOR,UNIVERSIDADE FEDERAL DE MINAS GERAIS,CRISTIANO ARBEX VALLE,172391
PERMANENTE,UNIVERSIDADE FEDERAL DE MINAS GERAIS,DANIEL FERNANDES MACEDO,49022
PERMANENTE,UNIVERSIDADE FEDERAL DE MINAS GERAIS,DORGIVAL OLAVO GUEDES NETO,49001
COLABORADOR,UNIVERSIDADE FEDERAL DE MINAS GERAIS,DOUGLAS GUIMARAES MACHARET,106635
PERMANENTE,UNIVERSIDADE FEDERAL DE MINAS GERAIS,EDUARDO MAGNO LAGES FIGUEIREDO,49016
PERMANENTE,UNIVERSIDADE FEDERAL DE MINAS GERAIS,ERICKSON RANGEL DO NASCIMENTO,106639
PERMANENTE,UNIVERSIDADE FEDERAL DE MINAS GERAIS,FABRICIO BENEVENUTO DE SOUZA,106641
PERMANENTE,UNIVERSIDADE FEDERAL DE MINAS GERAIS,FERNANDO MAGNO QUINTAO PEREIRA,49017
PERMANENTE,UNIVERSIDADE FEDERAL DE MINAS GERAIS,GERALDO ROBSON MATEUS,48987
PERMANENTE,UNIVERSIDADE FEDERAL DE MINAS GERAIS,GISELE LOBO PAPPA,49012
PERMANENTE,UNIVERSIDADE FEDERAL DE MINAS GERAIS,ITALO FERNANDO SCOTA CUNHA,106725
PERMANENTE,UNIVERSIDADE FEDERAL DE MINAS GERAIS,JEFERSSON ALEX DOS SANTOS,128740
COLABORADOR,UNIVERSIDADE FEDERAL DE MINAS GERAIS,JEROEN ANTONIUS MARIA VAN DE GRAAF,106750
PERMANENTE,UNIVERSIDADE FEDERAL DE MINAS GERAIS,JOSE MARCOS SILVA NOGUEIRA,48988
PERMANENTE,UNIVERSIDADE FEDERAL DE MINAS GERAIS,JUSSARA MARQUES DE ALMEIDA GONCALVES,49003
PERMANENTE,UNIVERSIDADE FEDERAL DE MINAS GERAIS,LEONARDO BARBOSA E OLIVEIRA,107089
PERMANENTE,UNIVERSIDADE FEDERAL DE MINAS GERAIS,LOIC PASCAL GILLES CERF,107092
PERMANENTE,UNIVERSIDADE FEDERAL DE MINAS GERAIS,LUIZ CHAIMOWICZ,49005
PERMANENTE,UNIVERSIDADE FEDERAL DE MINAS GERAIS,LUIZ FILIPE MENEZES VIEIRA,49014
PERMANENTE,UNIVERSIDADE FEDERAL DE MINAS GERAIS,MARCO TULIO DE OLIVEIRA VALENTE,49004
PERMANENTE,UNIVERSIDADE FEDERAL DE MINAS GERAIS,MARCOS ANDRE GONCALVES,49007
PERMANENTE,UNIVERSIDADE FEDERAL DE MINAS GERAIS,MARCOS AUGUSTO MENEZES VIEIRA,107130
PERMANENTE,UNIVERSIDADE FEDERAL DE MINAS GERAIS,MARIO FERNANDO MONTENEGRO CAMPOS,48989
COLABORADOR,UNIVERSIDADE FEDERAL DE MINAS GERAIS,MARIO SERGIO FERREIRA ALVIM JUNIOR,137062
PERMANENTE,UNIVERSIDADE FEDERAL DE MINAS GERAIS,MARIZA ANDRADE DA SILVA BIGONHA,48999
PERMANENTE,UNIVERSIDADE FEDERAL DE MINAS GERAIS,MIRELLA MOURA MORO,49011
COLABORADOR,UNIVERSIDADE FEDERAL DE MINAS GERAIS,NEWTON JOSE VIEIRA,49000
PERMANENTE,UNIVERSIDADE FEDERAL DE MINAS GERAIS,NIVIO ZIVIANI,48992
PERMANENTE,UNIVERSIDADE FEDERAL DE MINAS GERAIS,OLGA NIKOLAEVNA GOUSSEVSKAIA,49021
PERMANENTE,UNIVERSIDADE FEDERAL DE MINAS GERAIS,OMAR PARANAIBA VILELA NETO,49015
PERMANENTE,UNIVERSIDADE FEDERAL DE MINAS GERAIS,PEDRO OLMO STANCIOLI VAZ DE MELO,116789
PERMANENTE,UNIVERSIDADE FEDERAL DE MINAS GERAIS,RAQUEL CARDOSO DE MELO MINARDI,49018
PERMANENTE,UNIVERSIDADE FEDERAL DE MINAS GERAIS,RAQUEL OLIVEIRA PRATES,49008
PERMANENTE,UNIVERSIDADE FEDERAL DE MINAS GERAIS,RENATO ANTONIO CELSO FERREIRA,49002
PERMANENTE,UNIVERSIDADE FEDERAL DE MINAS GERAIS,RENATO MARTINS ASSUNCAO,49023
COLABORADOR,UNIVERSIDADE FEDERAL DE MINAS GERAIS,RODOLFO SERGIO FERREIRA DE RESENDE,49006
PERMANENTE,UNIVERSIDADE FEDERAL DE MINAS GERAIS,RODRYGO LUIS TEODORO SANTOS,137045
PERMANENTE,UNIVERSIDADE FEDERAL DE MINAS GERAIS,SEBASTIAN ALBERTO URRUTIA,49009
PERMANENTE,UNIVERSIDADE FEDERAL DE MINAS GERAIS,SERGIO VALE AGUIAR CAMPOS,48995
PERMANENTE,UNIVERSIDADE FEDERAL DE MINAS GERAIS,THIAGO FERREIRA DE NORONHA,49020
PERMANENTE,UNIVERSIDADE FEDERAL DE MINAS GERAIS,VINICIUS FERNANDES DOS SANTOS,147532
PERMANENTE,UNIVERSIDADE FEDERAL DE MINAS GERAIS,VIRGILIO AUGUSTO FERNANDES ALMEIDA,48994
PERMANENTE,UNIVERSIDADE FEDERAL DE MINAS GERAIS,WAGNER MEIRA JUNIOR,48996
PERMANENTE,UNIVERSIDADE FEDERAL DE MINAS GERAIS,WILLIAM ROBSON SCHWARTZ,104148
PERMANENTE,UNIVERSIDADE FEDERAL DE PERNAMBUCO,ABEL GUILHERMINO DA SILVA FILHO,31332
COLABORADOR,UNIVERSIDADE FEDERAL DE PERNAMBUCO,ADRIANO AUGUSTO DE MORAES SARMENTO,106906
PERMANENTE,UNIVERSIDADE FEDERAL DE PERNAMBUCO,ADRIANO LORENA INACIO DE OLIVEIRA,31350
COLABORADOR,UNIVERSIDADE FEDERAL DE PERNAMBUCO,ALEX SANDRO GOMES,31339
PERMANENTE,UNIVERSIDADE FEDERAL DE PERNAMBUCO,ALEXANDRE CABRAL MOTA,31340
COLABORADOR,UNIVERSIDADE FEDERAL DE PERNAMBUCO,ALEXANDRE MARCOS LINS DE VASCONCELOS,31311
PERMANENTE,UNIVERSIDADE FEDERAL DE PERNAMBUCO,ALUIZIO FAUSTO RIBEIRO ARAUJO,31337
PERMANENTE,UNIVERSIDADE FEDERAL DE PERNAMBUCO,ANA CAROLINA BRANDAO SALGADO,31310
PERMANENTE,UNIVERSIDADE FEDERAL DE PERNAMBUCO,ANDRE LUIS DE MEDEIROS SANTOS,31345
PERMANENTE,UNIVERSIDADE FEDERAL DE PERNAMBUCO,ANJOLINA GRISI DE OLIVEIRA,103190
PERMANENTE,UNIVERSIDADE FEDERAL DE PERNAMBUCO,AUGUSTO CESAR ALVES SAMPAIO,31312
COLABORADOR,UNIVERSIDADE FEDERAL DE PERNAMBUCO,BERNADETTE FARIAS LOSCIO,31359
PERMANENTE,UNIVERSIDADE FEDERAL DE PERNAMBUCO,CARINA FROTA ALVES,31364
PERMANENTE,UNIVERSIDADE FEDERAL DE PERNAMBUCO,CARLA TACIANA LIMA LOURENCO SILVA SCHUENEMANN,111417
PERMANENTE,UNIVERSIDADE FEDERAL DE PERNAMBUCO,CARLOS ALEXANDRE BARROS DE MELLO,31365
COLABORADOR,UNIVERSIDADE FEDERAL DE PERNAMBUCO,CARLOS ANDRE GUIMARAES FERRAZ,31313
PERMANENTE,UNIVERSIDADE FEDERAL DE PERNAMBUCO,CLEBER ZANCHETTIN,31367
COLABORADOR,UNIVERSIDADE FEDERAL DE PERNAMBUCO,CRISTIANO COELHO DE ARAUJO,31344
PERMANENTE,UNIVERSIDADE FEDERAL DE PERNAMBUCO,DANIEL CARVALHO DA CUNHA,110773
PERMANENTE,UNIVERSIDADE FEDERAL DE PERNAMBUCO,DIVANILSON RODRIGO DE SOUSA CAMPELO,31370
PERMANENTE,UNIVERSIDADE FEDERAL DE PERNAMBUCO,DJAMEL FAWZI HADJ SADOK,31326
PERMANENTE,UNIVERSIDADE FEDERAL DE PERNAMBUCO,EDNA NATIVIDADE DA SILVA BARROS,31314
COLABORADOR,UNIVERSIDADE FEDERAL DE PERNAMBUCO,EDSON COSTA DE BARROS CARVALHO FILHO,31315
PERMANENTE,UNIVERSIDADE FEDERAL DE PERNAMBUCO,EDUARDO ANTONIO GUIMARAES TAVARES,102982
PERMANENTE,UNIVERSIDADE FEDERAL DE PERNAMBUCO,FABIO QUEDA BUENO DA SILVA,31352
PERMANENTE,UNIVERSIDADE FEDERAL DE PERNAMBUCO,FERNANDO DA FONSECA DE SOUZA,31316
PERMANENTE,UNIVERSIDADE FEDERAL DE PERNAMBUCO,FERNANDO JOSE CASTOR DE LIMA FILHO,31362
PERMANENTE,UNIVERSIDADE FEDERAL DE PERNAMBUCO,FLAVIA DE ALMEIDA BARROS,31317
PERMANENTE,UNIVERSIDADE FEDERAL DE PERNAMBUCO,FRANCISCO DE ASSIS TENORIO DE CARVALHO,31331
PERMANENTE,UNIVERSIDADE FEDERAL DE PERNAMBUCO,FREDERICO LUIZ GONCALVES DE FREITAS,31353
PERMANENTE,UNIVERSIDADE FEDERAL DE PERNAMBUCO,GEBER LISBOA RAMALHO,31329
PERMANENTE,UNIVERSIDADE FEDERAL DE PERNAMBUCO,GEORGE DARMITON DA CUNHA CAVALCANTI,31333
PERMANENTE,UNIVERSIDADE FEDERAL DE PERNAMBUCO,GERMANO CRISPIM VASCONCELOS,31318
COLABORADOR,UNIVERSIDADE FEDERAL DE PERNAMBUCO,GIORDANO RIBEIRO EULALIO CABRAL,149985
PERMANENTE,UNIVERSIDADE FEDERAL DE PERNAMBUCO,GUSTAVO HENRIQUE PORTO DE CARVALHO,169215
COLABORADOR,UNIVERSIDADE FEDERAL DE PERNAMBUCO,HANSENCLEVER DE FRANCA BASSANI,119323
COLABORADOR,UNIVERSIDADE FEDERAL DE PERNAMBUCO,HENRIQUE EMANUEL MOSTAERT REBELO,119347
PERMANENTE,UNIVERSIDADE FEDERAL DE PERNAMBUCO,HERMANO PERRELLI DE MOURA,31319
PERMANENTE,UNIVERSIDADE FEDERAL DE PERNAMBUCO,JAELSON FREIRE BRELAZ DE CASTRO,31320
PERMANENTE,UNIVERSIDADE FEDERAL DE PERNAMBUCO,JOSE AUGUSTO SURUAGY MONTEIRO,103026
PERMANENTE,UNIVERSIDADE FEDERAL DE PERNAMBUCO,JUDITH KELNER,31325
PERMANENTE,UNIVERSIDADE FEDERAL DE PERNAMBUCO,JULIANO MANABU IYODA,31356
PERMANENTE,UNIVERSIDADE FEDERAL DE PERNAMBUCO,KATIA SILVA GUIMARAES,31334
PERMANENTE,UNIVERSIDADE FEDERAL DE PERNAMBUCO,KELVIN LOPES DIAS,31351
PERMANENTE,UNIVERSIDADE FEDERAL DE PERNAMBUCO,KIEV SANTOS DA GAMA,100524
PERMANENTE,UNIVERSIDADE FEDERAL DE PERNAMBUCO,LEANDRO MACIEL ALMEIDA,110772
COLABORADOR,UNIVERSIDADE FEDERAL DE PERNAMBUCO,LEOPOLDO MOTTA TEIXEIRA,119372
PERMANENTE,UNIVERSIDADE FEDERAL DE PERNAMBUCO,LUCIANO DE ANDRADE BARBOSA,153769
PERMANENTE,UNIVERSIDADE FEDERAL DE PERNAMBUCO,MANOEL EUSEBIO DE LIMA,31321
PERMANENTE,UNIVERSIDADE FEDERAL DE PERNAMBUCO,MARCELO BEZERRA D'AMORIM,31360
PERMANENTE,UNIVERSIDADE FEDERAL DE PERNAMBUCO,MARCIO LOPES CORNELIO,103919
PERMANENTE,UNIVERSIDADE FEDERAL DE PERNAMBUCO,NELSON SOUTO ROSA,31342
PERMANENTE,UNIVERSIDADE FEDERAL DE PERNAMBUCO,NIVAN ROBERTO FERREIRA JUNIOR,148712
PERMANENTE,UNIVERSIDADE FEDERAL DE PERNAMBUCO,ODILON MAROJA DA COSTA PEREIRA FILHO,31369
PERMANENTE,UNIVERSIDADE FEDERAL DE PERNAMBUCO,PATRICIA CABRAL DE AZEVEDO RESTELLI TEDESCO,31341
COLABORADOR,UNIVERSIDADE FEDERAL DE PERNAMBUCO,PAULO ANDRE DA SILVA GONCALVES,31358
PERMANENTE,UNIVERSIDADE FEDERAL DE PERNAMBUCO,PAULO GUSTAVO SOARES DA FONSECA,103450
PERMANENTE,UNIVERSIDADE FEDERAL DE PERNAMBUCO,PAULO HENRIQUE MONTEIRO BORBA,31323
PERMANENTE,UNIVERSIDADE FEDERAL DE PERNAMBUCO,PAULO JORGE LEITAO ADEODATO,97941
PERMANENTE,UNIVERSIDADE FEDERAL DE PERNAMBUCO,PAULO ROBERTO FREIRE CUNHA,31322
PERMANENTE,UNIVERSIDADE FEDERAL DE PERNAMBUCO,PAULO ROMERO MARTINS MACIEL,31336
COLABORADOR,UNIVERSIDADE FEDERAL DE PERNAMBUCO,PAULO SALGADO GOMES DE MATTOS NETO,119373
PERMANENTE,UNIVERSIDADE FEDERAL DE PERNAMBUCO,PEDRO MACHADO MANHAES DE CASTRO,111945
COLABORADOR,UNIVERSIDADE FEDERAL DE PERNAMBUCO,RAFAEL DUEIRE LINS,31366
PERMANENTE,UNIVERSIDADE FEDERAL DE PERNAMBUCO,RENATA MARIA MENDES CARDOSO,31346
PERMANENTE,UNIVERSIDADE FEDERAL DE PERNAMBUCO,RENATO MARIZ DE MORAES,136573
COLABORADOR,UNIVERSIDADE FEDERAL DE PERNAMBUCO,RENATO VIMIEIRO,136597
PERMANENTE,UNIVERSIDADE FEDERAL DE PERNAMBUCO,RICARDO BASTOS CAVALCANTE PRUDENCIO,31349
PERMANENTE,UNIVERSIDADE FEDERAL DE PERNAMBUCO,RICARDO MARTINS DE ABREU SILVA,31368
PERMANENTE,UNIVERSIDADE FEDERAL DE PERNAMBUCO,RICARDO MASSA FERREIRA LIMA,31348
PERMANENTE,UNIVERSIDADE FEDERAL DE PERNAMBUCO,ROBERTO SOUTO MAIOR DE BARROS,31324
PERMANENTE,UNIVERSIDADE FEDERAL DE PERNAMBUCO,ROBSON DO NASCIMENTO FIDALGO,98275
PERMANENTE,UNIVERSIDADE FEDERAL DE PERNAMBUCO,RUY JOSE GUERRA BARRETTO DE QUEIROZ,31335
PERMANENTE,UNIVERSIDADE FEDERAL DE PERNAMBUCO,SERGIO CASTELO BRANCO SOARES,31363
PERMANENTE,UNIVERSIDADE FEDERAL DE PERNAMBUCO,SERGIO RICARDO DE MELO QUEIROZ,101898
PERMANENTE,UNIVERSIDADE FEDERAL DE PERNAMBUCO,SILVIO DE BARROS MELO,31354
PERMANENTE,UNIVERSIDADE FEDERAL DE PERNAMBUCO,SILVIO ROMERO DE LEMOS MEIRA,31328
PERMANENTE,UNIVERSIDADE FEDERAL DE PERNAMBUCO,SIMONE CRISTIANE DOS SANTOS LIMA,103448
PERMANENTE,UNIVERSIDADE FEDERAL DE PERNAMBUCO,SOSTENES LUIZ SOARES LINS,111418
PERMANENTE,UNIVERSIDADE FEDERAL DE PERNAMBUCO,STENIO FLAVIO DE LACERDA FERNANDES,31343
PERMANENTE,UNIVERSIDADE FEDERAL DE PERNAMBUCO,TERESA BERNARDA LUDERMIR,31327
PERMANENTE,UNIVERSIDADE FEDERAL DE PERNAMBUCO,TSANG ING REN,31355
PERMANENTE,UNIVERSIDADE FEDERAL DE PERNAMBUCO,VALERIA CESARIO TIMES,31338
PERMANENTE,UNIVERSIDADE FEDERAL DE PERNAMBUCO,VERONICA TEICHRIEB,31357
PERMANENTE,UNIVERSIDADE FEDERAL DE PERNAMBUCO,VINICIUS CARDOSO GARCIA,31347
PERMANENTE,UNIVERSIDADE FEDERAL DO RIO GRANDE DO SUL,ALBERTO EGON SCHAEFFER FILHO,95324
PERMANENTE,UNIVERSIDADE FEDERAL DO RIO GRANDE DO SUL,ALINE VILLAVICENCIO,82120
COLABORADOR,UNIVERSIDADE FEDERAL DO RIO GRANDE DO SUL,ALTAMIRO AMADEU SUSIN,82084
PERMANENTE,UNIVERSIDADE FEDERAL DO RIO GRANDE DO SUL,ALVARO FREITAS MOREIRA,82115
PERMANENTE,UNIVERSIDADE FEDERAL DO RIO GRANDE DO SUL,ANA LUCIA CETERTICH BAZZAN,82107
PERMANENTE,UNIVERSIDADE FEDERAL DO RIO GRANDE DO SUL,ANDERSON MACIEL,82127
PERMANENTE,UNIVERSIDADE FEDERAL DO RIO GRANDE DO SUL,ANDRE GRAHL PEREIRA,166203
PERMANENTE,UNIVERSIDADE FEDERAL DO RIO GRANDE DO SUL,ANDRE INACIO REIS,82106
PERMANENTE,UNIVERSIDADE FEDERAL DO RIO GRANDE DO SUL,ANTONIO CARLOS SCHNEIDER BECK FILHO,82135
PERMANENTE,UNIVERSIDADE FEDERAL DO RIO GRANDE DO SUL,ANTONIO MARINHO PILLA BARCELLOS,82129
PERMANENTE,UNIVERSIDADE FEDERAL DO RIO GRANDE DO SUL,CARLA MARIA DAL SASSO FREITAS,82085
PERMANENTE,UNIVERSIDADE FEDERAL DO RIO GRANDE DO SUL,CARLOS EDUARDO PEREIRA,82101
PERMANENTE,UNIVERSIDADE FEDERAL DO RIO GRANDE DO SUL,CLAUDIO FERNANDO RESIN GEYER,82088
PERMANENTE,UNIVERSIDADE FEDERAL DO RIO GRANDE DO SUL,CLÁUDIO ROSITO JUNG,82131
COLABORADOR,UNIVERSIDADE FEDERAL DO RIO GRANDE DO SUL,DALTRO JOSE NUNES,82090
PERMANENTE,UNIVERSIDADE FEDERAL DO RIO GRANDE DO SUL,DANTE AUGUSTO COUTO BARONE,82089
PERMANENTE,UNIVERSIDADE FEDERAL DO RIO GRANDE DO SUL,EDISON PIGNATON DE FREITAS,127144
PERMANENTE,UNIVERSIDADE FEDERAL DO RIO GRANDE DO SUL,EDSON PRESTES E SILVA JUNIOR,82128
PERMANENTE,UNIVERSIDADE FEDERAL DO RIO GRANDE DO SUL,EDUARDO SIMOES LOPES GASTAL,170372
PERMANENTE,UNIVERSIDADE FEDERAL DO RIO GRANDE DO SUL,ERIKA FERNANDES COTA,82119
PERMANENTE,UNIVERSIDADE FEDERAL DO RIO GRANDE DO SUL,FERNANDA GUSMAO DE LIMA KASTENSMIDT,82105
PERMANENTE,UNIVERSIDADE FEDERAL DO RIO GRANDE DO SUL,FLÁVIO RECH WAGNER,82091
PERMANENTE,UNIVERSIDADE FEDERAL DO RIO GRANDE DO SUL,GABRIEL LUCA NAZAR,127114
PERMANENTE,UNIVERSIDADE FEDERAL DO RIO GRANDE DO SUL,INGRID OLIVEIRA DE NUNES,95318
PERMANENTE,UNIVERSIDADE FEDERAL DO RIO GRANDE DO SUL,JACOB SCHARCANSKI,82104
PERMANENTE,UNIVERSIDADE FEDERAL DO RIO GRANDE DO SUL,JOAO LUIZ DIHL COMBA,82111
PERMANENTE,UNIVERSIDADE FEDERAL DO RIO GRANDE DO SUL,JOSE PALAZZO MOREIRA DE OLIVEIRA,82092
COLABORADOR,UNIVERSIDADE FEDERAL DO RIO GRANDE DO SUL,JUERGEN ROCHOL,82133
PERMANENTE,UNIVERSIDADE FEDERAL DO RIO GRANDE DO SUL,KARIN BECKER,82132
PERMANENTE,UNIVERSIDADE FEDERAL DO RIO GRANDE DO SUL,LEANDRO KRUG WIVES,82126
PERMANENTE,UNIVERSIDADE FEDERAL DO RIO GRANDE DO SUL,LEILA RIBEIRO,82102
PERMANENTE,UNIVERSIDADE FEDERAL DO RIO GRANDE DO SUL,LIANE MARGARIDA ROCKENBACH TAROUCO,82093
PERMANENTE,UNIVERSIDADE FEDERAL DO RIO GRANDE DO SUL,LISANDRO ZAMBENEDETTI GRANVILLE,82112
PERMANENTE,UNIVERSIDADE FEDERAL DO RIO GRANDE DO SUL,LUCAS MELLO SCHNORR,95323
PERMANENTE,UNIVERSIDADE FEDERAL DO RIO GRANDE DO SUL,LUCIANA PORCHER NEDEL,82108
PERMANENTE,UNIVERSIDADE FEDERAL DO RIO GRANDE DO SUL,LUCIANA SALETE BURIOL,82125
PERMANENTE,UNIVERSIDADE FEDERAL DO RIO GRANDE DO SUL,LUCIANO PASCHOAL GASPARY,82121
PERMANENTE,UNIVERSIDADE FEDERAL DO RIO GRANDE DO SUL,LUCINEIA HELOISA THOM,95321
PERMANENTE,UNIVERSIDADE FEDERAL DO RIO GRANDE DO SUL,LUCIO MAURO DUARTE,159222
PERMANENTE,UNIVERSIDADE FEDERAL DO RIO GRANDE DO SUL,LUIGI CARRO,82103
PERMANENTE,UNIVERSIDADE FEDERAL DO RIO GRANDE DO SUL,LUIS DA CUNHA LAMB,82114
PERMANENTE,UNIVERSIDADE FEDERAL DO RIO GRANDE DO SUL,MANUEL MENEZES DE OLIVEIRA NETO,82113
PERMANENTE,UNIVERSIDADE FEDERAL DO RIO GRANDE DO SUL,MARA ABEL,82116
PERMANENTE,UNIVERSIDADE FEDERAL DO RIO GRANDE DO SUL,MARCELO SOARES PIMENTA,82109
PERMANENTE,UNIVERSIDADE FEDERAL DO RIO GRANDE DO SUL,MARCELO WALTER,82130
PERMANENTE,UNIVERSIDADE FEDERAL DO RIO GRANDE DO SUL,MARCIO DORN,94543
PERMANENTE,UNIVERSIDADE FEDERAL DO RIO GRANDE DO SUL,MARCUS ROLF PETER RITT,82123
PERMANENTE,UNIVERSIDADE FEDERAL DO RIO GRANDE DO SUL,MARIANA LUDERITZ KOLBERG,82134
PERMANENTE,UNIVERSIDADE FEDERAL DO RIO GRANDE DO SUL,NICOLAS BRUNO MAILLARD,82117
PERMANENTE,UNIVERSIDADE FEDERAL DO RIO GRANDE DO SUL,PAOLO RECH,95322
PERMANENTE,UNIVERSIDADE FEDERAL DO RIO GRANDE DO SUL,PAULO MARTINS ENGEL,82094
PERMANENTE,UNIVERSIDADE FEDERAL DO RIO GRANDE DO SUL,PHILIPPE OLIVIER ALEXANDRE NAVAUX,82095
PERMANENTE,UNIVERSIDADE FEDERAL DO RIO GRANDE DO SUL,RENATA DE MATOS GALANTE,82118
PERMANENTE,UNIVERSIDADE FEDERAL DO RIO GRANDE DO SUL,RENATO PEREZ RIBAS,82110
PERMANENTE,UNIVERSIDADE FEDERAL DO RIO GRANDE DO SUL,RICARDO AUGUSTO DA LUZ REIS,82096
PERMANENTE,UNIVERSIDADE FEDERAL DO RIO GRANDE DO SUL,ROSA MARIA VICARI,82098
PERMANENTE,UNIVERSIDADE FEDERAL DO RIO GRANDE DO SUL,SERGIO BAMPI,82099
PERMANENTE,UNIVERSIDADE FEDERAL DO RIO GRANDE DO SUL,VALTER ROESLER,82124
PERMANENTE,UNIVERSIDADE FEDERAL DO RIO GRANDE DO SUL,VIVIANE PEREIRA MOREIRA,82122
PERMANENTE,UNIVERSIDADE FEDERAL DO RIO GRANDE DO SUL,WEVERTON LUIS DA COSTA CORDEIRO,166200
PERMANENTE,UNIVERSIDADE FEDERAL DO RIO DE JANEIRO,ADRIANA SANTAROSA VIVACQUA,41257
PERMANENTE,UNIVERSIDADE FEDERAL DO RIO DE JANEIRO,ANTONIO JUAREZ SYLVIO MENEZES DE ALENCAR,103961
COLABORADOR,UNIVERSIDADE FEDERAL DO RIO DE JANEIRO,CARLA AMOR DIVINO MOREIRA DELGADO,41249
PERMANENTE,UNIVERSIDADE FEDERAL DO RIO DE JANEIRO,CLAUDIA LAGE REBELLO DA MOTTA,41244
PERMANENTE,UNIVERSIDADE FEDERAL DO RIO DE JANEIRO,CLAUDIO MICELI DE FARIAS,155947
PERMANENTE,UNIVERSIDADE FEDERAL DO RIO DE JANEIRO,DANIEL GREGORIO ALFARO VIGO,41259
PERMANENTE,UNIVERSIDADE FEDERAL DO RIO DE JANEIRO,DANIEL SADOC MENASCHE,41251
PERMANENTE,UNIVERSIDADE FEDERAL DO RIO DE JANEIRO,EBER ASSIS SCHMITZ,41237
PERMANENTE,UNIVERSIDADE FEDERAL DO RIO DE JANEIRO,FABIO FERRENTINI SAMPAIO,103999
PERMANENTE,UNIVERSIDADE FEDERAL DO RIO DE JANEIRO,FABIO MASCARENHAS DE QUEIROZ,165542
PERMANENTE,UNIVERSIDADE FEDERAL DO RIO DE JANEIRO,FLAVIA COIMBRA DELICATO,41247
COLABORADOR,UNIVERSIDADE FEDERAL DO RIO DE JANEIRO,GISELI RABELLO LOPES,166237
PERMANENTE,UNIVERSIDADE FEDERAL DO RIO DE JANEIRO,I SHIH LIU,41238
PERMANENTE,UNIVERSIDADE FEDERAL DO RIO DE JANEIRO,JAYME LUIZ SZWARCFITER,41235
PERMANENTE,UNIVERSIDADE FEDERAL DO RIO DE JANEIRO,JOAO ANTONIO RECIO DA PAIXAO,155846
PERMANENTE,UNIVERSIDADE FEDERAL DO RIO DE JANEIRO,JONICE DE OLIVEIRA SAMPAIO,41248
PERMANENTE,UNIVERSIDADE FEDERAL DO RIO DE JANEIRO,JOSE ORLANDO GOMES,41245
PERMANENTE,UNIVERSIDADE FEDERAL DO RIO DE JANEIRO,JOSEFINO CABRAL MELO LIMA,41236
PERMANENTE,UNIVERSIDADE FEDERAL DO RIO DE JANEIRO,LILIAN MARKENZON,41252
PERMANENTE,UNIVERSIDADE FEDERAL DO RIO DE JANEIRO,LUCI PIRMEZ,41242
PERMANENTE,UNIVERSIDADE FEDERAL DO RIO DE JANEIRO,LUIZ FERNANDO RUST DA COSTA CARMO,41243
PERMANENTE,UNIVERSIDADE FEDERAL DO RIO DE JANEIRO,MARCELLO GOULART TEIXEIRA,41262
PERMANENTE,UNIVERSIDADE FEDERAL DO RIO DE JANEIRO,MARCOS ROBERTO DA SILVA BORGES,41239
PERMANENTE,UNIVERSIDADE FEDERAL DO RIO DE JANEIRO,MARIA LUIZA MACHADO CAMPOS,41241
PERMANENTE,UNIVERSIDADE FEDERAL DO RIO DE JANEIRO,MAURO ANTONIO RINCON,41234
PERMANENTE,UNIVERSIDADE FEDERAL DO RIO DE JANEIRO,MITRE COSTA DOURADO,41254
PERMANENTE,UNIVERSIDADE FEDERAL DO RIO DE JANEIRO,MONICA FERREIRA DA SILVA,144350
PERMANENTE,UNIVERSIDADE FEDERAL DO RIO DE JANEIRO,PAULO DE FIGUEIREDO PIRES,41246
PERMANENTE,UNIVERSIDADE FEDERAL DO RIO DE JANEIRO,PAULO VICTOR RODRIGUES DE CARVALHO,41255
PERMANENTE,UNIVERSIDADE FEDERAL DO RIO DE JANEIRO,PRISCILA MACHADO VIEIRA LIMA,103402
PERMANENTE,UNIVERSIDADE FEDERAL DO RIO DE JANEIRO,VINICIUS GUSMAO PEREIRA DE SA,41250
PERMANENTE,UNIVERSIDADE ESTADUAL DE CAMPINAS,ALEXANDRE XAVIER FALCAO,64121
PERMANENTE,UNIVERSIDADE ESTADUAL DE CAMPINAS,ANDERSON DE REZENDE ROCHA,64122
PERMANENTE,UNIVERSIDADE ESTADUAL DE CAMPINAS,ANDRE SANTANCHE,64123
COLABORADOR,UNIVERSIDADE ESTADUAL DE CAMPINAS,ARIADNE MARIA BRITO RIZZONI CARVALHO,64124
PERMANENTE,UNIVERSIDADE ESTADUAL DE CAMPINAS,ARNALDO VIEIRA MOURA,64125
COLABORADOR,UNIVERSIDADE ESTADUAL DE CAMPINAS,BRENO BERNARD NICOLAU DE FRANCA,155254
PERMANENTE,UNIVERSIDADE ESTADUAL DE CAMPINAS,CECILIA MARY FISCHER RUBIRA,64126
PERMANENTE,UNIVERSIDADE ESTADUAL DE CAMPINAS,CHRISTIANE NEME CAMPOS,64127
PERMANENTE,UNIVERSIDADE ESTADUAL DE CAMPINAS,CID CARVALHO DE SOUZA,64128
PERMANENTE,UNIVERSIDADE ESTADUAL DE CAMPINAS,CLAUDIA MARIA BAUZER MEDEIROS,64129
PERMANENTE,UNIVERSIDADE ESTADUAL DE CAMPINAS,DIEGO DE FREITAS ARANHA,110296
PERMANENTE,UNIVERSIDADE ESTADUAL DE CAMPINAS,EDMUNDO ROBERTO MAURO MADEIRA,64130
PERMANENTE,UNIVERSIDADE ESTADUAL DE CAMPINAS,EDSON BORIN,64131
PERMANENTE,UNIVERSIDADE ESTADUAL DE CAMPINAS,EDUARDO CANDIDO XAVIER,64132
PERMANENTE,UNIVERSIDADE ESTADUAL DE CAMPINAS,ELIANE MARTINS,64133
PERMANENTE,UNIVERSIDADE ESTADUAL DE CAMPINAS,ESTHER LUNA COLOMBINI,136205
PERMANENTE,UNIVERSIDADE ESTADUAL DE CAMPINAS,FABIO LUIZ USBERTI,103429
PERMANENTE,UNIVERSIDADE ESTADUAL DE CAMPINAS,FLAVIO KEIDI MIYAZAWA,64134
PERMANENTE,UNIVERSIDADE ESTADUAL DE CAMPINAS,GERBERTH ADIN RAMIREZ RIVERA,152187
PERMANENTE,UNIVERSIDADE ESTADUAL DE CAMPINAS,GUIDO COSTA SOUZA DE ARAUJO,64135
PERMANENTE,UNIVERSIDADE ESTADUAL DE CAMPINAS,GUILHERME PIMENTEL TELLES,64136
PERMANENTE,UNIVERSIDADE ESTADUAL DE CAMPINAS,HEIKO HORST HORNUNG,126181
PERMANENTE,UNIVERSIDADE ESTADUAL DE CAMPINAS,HELIO PEDRINI,64138
PERMANENTE,UNIVERSIDADE ESTADUAL DE CAMPINAS,ISLENE CALCIOLARI GARCIA,64139
PERMANENTE,UNIVERSIDADE ESTADUAL DE CAMPINAS,JACQUES WAINER,64140
PERMANENTE,UNIVERSIDADE ESTADUAL DE CAMPINAS,JOAO MEIDANIS,64141
PERMANENTE,UNIVERSIDADE ESTADUAL DE CAMPINAS,JORGE STOLFI,64142
PERMANENTE,UNIVERSIDADE ESTADUAL DE CAMPINAS,JULIANA FREITAG,110197
COLABORADOR,UNIVERSIDADE ESTADUAL DE CAMPINAS,JULIO CESAR DOS REIS,156632
PERMANENTE,UNIVERSIDADE ESTADUAL DE CAMPINAS,JULIO CESAR LOPEZ HERNANDEZ,64143
PERMANENTE,UNIVERSIDADE ESTADUAL DE CAMPINAS,LEANDRO APARECIDO VILLAS,103412
PERMANENTE,UNIVERSIDADE ESTADUAL DE CAMPINAS,LEHILTON LELIS CHAVES PEDROSA,136193
COLABORADOR,UNIVERSIDADE ESTADUAL DE CAMPINAS,LEONARDO MONTECCHI,156591
PERMANENTE,UNIVERSIDADE ESTADUAL DE CAMPINAS,LUCAS FRANCISCO WANNER,136207
PERMANENTE,UNIVERSIDADE ESTADUAL DE CAMPINAS,LUIZ EDUARDO BUZATO,64144
PERMANENTE,UNIVERSIDADE ESTADUAL DE CAMPINAS,LUIZ FERNANDO BITTENCOURT,64145
PERMANENTE,UNIVERSIDADE ESTADUAL DE CAMPINAS,MARIA CECILIA CALANI BARANAUSKAS,64147
COLABORADOR,UNIVERSIDADE ESTADUAL DE CAMPINAS,MARIO LUCIO CORTES,64148
PERMANENTE,UNIVERSIDADE ESTADUAL DE CAMPINAS,NELSON LUIS SALDANHA DA FONSECA,64149
PERMANENTE,UNIVERSIDADE ESTADUAL DE CAMPINAS,ORLANDO LEE,64151
COLABORADOR,UNIVERSIDADE ESTADUAL DE CAMPINAS,PAULO CESAR CENTODUCATTE,64152
PERMANENTE,UNIVERSIDADE ESTADUAL DE CAMPINAS,PAULO LICIO DE GEUS,64153
PERMANENTE,UNIVERSIDADE ESTADUAL DE CAMPINAS,PEDRO JUSSIEU DE REZENDE,64154
PERMANENTE,UNIVERSIDADE ESTADUAL DE CAMPINAS,RAFAEL CRIVELLARI SALIBA SCHOUERY,141866
PERMANENTE,UNIVERSIDADE ESTADUAL DE CAMPINAS,RICARDO DA SILVA TORRES,64155
PERMANENTE,UNIVERSIDADE ESTADUAL DE CAMPINAS,RICARDO DAHAB,64156
COLABORADOR,UNIVERSIDADE ESTADUAL DE CAMPINAS,RICARDO DE OLIVEIRA ANIDO,64157
PERMANENTE,UNIVERSIDADE ESTADUAL DE CAMPINAS,RODOLFO JARDIM DE AZEVEDO,64158
COLABORADOR,UNIVERSIDADE ESTADUAL DE CAMPINAS,SANDRA ELIZA FONTES DE AVILA,154491
PERMANENTE,UNIVERSIDADE ESTADUAL DE CAMPINAS,SANDRO RIGO,64159
COLABORADOR,UNIVERSIDADE ESTADUAL DE CAMPINAS,SIOME KLEIN GOLDENSTEIN,64160
PERMANENTE,UNIVERSIDADE ESTADUAL DE CAMPINAS,ZANONI DIAS,64161
PERMANENTE,UNIVERSIDADE DE SÃO PAULO,ALAIR PEREIRA DO LAGO,60734
PERMANENTE,UNIVERSIDADE DE SÃO PAULO,ALAN MITCHELL DURHAM,60753
PERMANENTE,UNIVERSIDADE DE SÃO PAULO,ALFREDO GOLDMAN VEL LEJBMAN,60763
PERMANENTE,UNIVERSIDADE DE SÃO PAULO,ANA CRISTINA VIEIRA DE MELO,60754
COLABORADOR,UNIVERSIDADE DE SÃO PAULO,ANAROSA ALVES FRANCO BRANDAO,139365
COLABORADOR,UNIVERSIDADE DE SÃO PAULO,ANATOLI IAMBARTSEV,109975
PERMANENTE,UNIVERSIDADE DE SÃO PAULO,ANDRE FUJITA,60773
COLABORADOR,UNIVERSIDADE DE SÃO PAULO,ARNALDO MANDEL,60735
PERMANENTE,UNIVERSIDADE DE SÃO PAULO,CARLOS EDUARDO FERREIRA,60736
PERMANENTE,UNIVERSIDADE DE SÃO PAULO,CARLOS HITOSHI MORIMOTO,60758
PERMANENTE,UNIVERSIDADE DE SÃO PAULO,CRISTINA GOMES FERNANDES,60738
COLABORADOR,UNIVERSIDADE DE SÃO PAULO,DANIEL DE ANGELIS CORDEIRO,105593
PERMANENTE,UNIVERSIDADE DE SÃO PAULO,DANIEL MACEDO BATISTA,60774
PERMANENTE,UNIVERSIDADE DE SÃO PAULO,DENIS DERATANI MAUA,127636
PERMANENTE,UNIVERSIDADE DE SÃO PAULO,ERNESTO JULIÁN GOLDBERG BIRGIN,60759
PERMANENTE,UNIVERSIDADE DE SÃO PAULO,FABIO KON,60766
PERMANENTE,UNIVERSIDADE DE SÃO PAULO,FERNANDO MARIO DE OLIVEIRA FILHO,100126
PERMANENTE,UNIVERSIDADE DE SÃO PAULO,FLAVIO SOARES CORREA DA SILVA,60739
PERMANENTE,UNIVERSIDADE DE SÃO PAULO,JAIME SIMAO SICHMAN,108408
PERMANENTE,UNIVERSIDADE DE SÃO PAULO,JOAO EDUARDO FERREIRA,60755
COLABORADOR,UNIVERSIDADE DE SÃO PAULO,JULIO MICHAEL STERN,164411
PERMANENTE,UNIVERSIDADE DE SÃO PAULO,JUNIOR BARRERA,60744
COLABORADOR,UNIVERSIDADE DE SÃO PAULO,KARINA VALDIVIA DELGADO,118172
PERMANENTE,UNIVERSIDADE DE SÃO PAULO,KELLY ROSA BRAGHETTO,105578
PERMANENTE,UNIVERSIDADE DE SÃO PAULO,LELIANE NUNES DE BARROS,60757
COLABORADOR,UNIVERSIDADE DE SÃO PAULO,LEONIDAS DE OLIVEIRA BRANDAO,60764
PERMANENTE,UNIVERSIDADE DE SÃO PAULO,MARCEL KENJI DE CARLI SILVA,119728
PERMANENTE,UNIVERSIDADE DE SÃO PAULO,MARCEL PAROLIN JACKOWSKI,60771
PERMANENTE,UNIVERSIDADE DE SÃO PAULO,MARCELO FINGER,60745
PERMANENTE,UNIVERSIDADE DE SÃO PAULO,MARCELO GOMES DE QUEIROZ,60765
PERMANENTE,UNIVERSIDADE DE SÃO PAULO,MARCO AURELIO GEROSA,60772
COLABORADOR,UNIVERSIDADE DE SÃO PAULO,MARCO DIMAS GUBITOSO,60746
PERMANENTE,UNIVERSIDADE DE SÃO PAULO,NINA SUMIKO TOMITA,60760
PERMANENTE,UNIVERSIDADE DE SÃO PAULO,PAULO ANDRE VECHIATTO DE MIRANDA,60775
PERMANENTE,UNIVERSIDADE DE SÃO PAULO,RENATA WASSERMANN,60767
PERMANENTE,UNIVERSIDADE DE SÃO PAULO,ROBERTO HIRATA JUNIOR,60768
PERMANENTE,UNIVERSIDADE DE SÃO PAULO,ROBERTO MARCONDES CESAR JUNIOR,60756
PERMANENTE,UNIVERSIDADE DE SÃO PAULO,RONALDO FUMIO HASHIMOTO,60761
COLABORADOR,UNIVERSIDADE DE SÃO PAULO,ROUTO TERADA,60749
COLABORADOR,UNIVERSIDADE DE SÃO PAULO,SIANG WUN SONG,60750
PERMANENTE,UNIVERSIDADE DE SÃO PAULO,SINAI ROBINS,142058
PERMANENTE,UNIVERSIDADE DE SÃO PAULO,WALTER FIGUEIREDO MASCARENHAS,60769
PERMANENTE,UNIVERSIDADE DE SÃO PAULO,YOSHIHARU KOHAYAKAWA,60752
PERMANENTE,UNIVERSIDADE DE SÃO PAULO,YOSHIKO WAKABAYASHI,60751
PERMANENTE,UNIVERSIDADE DE SÃO PAULO ( SÃO CARLOS ),ADENILSO DA SILVA SIMAO,63179
PERMANENTE,UNIVERSIDADE DE SÃO PAULO ( SÃO CARLOS ),AFONSO PAIVA NETO,63219
PERMANENTE,UNIVERSIDADE DE SÃO PAULO ( SÃO CARLOS ),AGMA JUCI MACHADO TRAINA,63150
PERMANENTE,UNIVERSIDADE DE SÃO PAULO ( SÃO CARLOS ),ALEXANDRE CLAUDIO BOTAZZO DELBEM,63190
PERMANENTE,UNIVERSIDADE DE SÃO PAULO ( SÃO CARLOS ),ALNEU DE ANDRADE LOPES,63184
COLABORADOR,UNIVERSIDADE DE SÃO PAULO ( SÃO CARLOS ),ALYSSON MACHADO COSTA,63213
PERMANENTE,UNIVERSIDADE DE SÃO PAULO ( SÃO CARLOS ),ANDRE CARLOS PONCE DE LEON FERREIRA DE CARVALHO,63147
PERMANENTE,UNIVERSIDADE DE SÃO PAULO ( SÃO CARLOS ),ANTONIO CASTELO FILHO,63166
PERMANENTE,UNIVERSIDADE DE SÃO PAULO ( SÃO CARLOS ),CAETANO TRAINA JUNIOR,63148
PERMANENTE,UNIVERSIDADE DE SÃO PAULO ( SÃO CARLOS ),CLAUDIO FABIANO MOTTA TOLEDO,63223
PERMANENTE,UNIVERSIDADE DE SÃO PAULO ( SÃO CARLOS ),CRISTINA DUTRA DE AGUIAR CIFERRI,63204
PERMANENTE,UNIVERSIDADE DE SÃO PAULO ( SÃO CARLOS ),DENIS FERNANDO WOLF,63208
PERMANENTE,UNIVERSIDADE DE SÃO PAULO ( SÃO CARLOS ),DIEGO RAPHAEL AMANCIO,127544
PERMANENTE,UNIVERSIDADE DE SÃO PAULO ( SÃO CARLOS ),DILVAN DE ABREU MOREIRA,63169
PERMANENTE,UNIVERSIDADE DE SÃO PAULO ( SÃO CARLOS ),EDSON DOS SANTOS MOREIRA,63161
PERMANENTE,UNIVERSIDADE DE SÃO PAULO ( SÃO CARLOS ),EDUARDO FONTOURA COSTA,63189
PERMANENTE,UNIVERSIDADE DE SÃO PAULO ( SÃO CARLOS ),EDUARDO MARQUES,63168
PERMANENTE,UNIVERSIDADE DE SÃO PAULO ( SÃO CARLOS ),ELAINE PARROS MACHADO DE SOUSA,63185
PERMANENTE,UNIVERSIDADE DE SÃO PAULO ( SÃO CARLOS ),ELIAS SALOMAO HELOU NETO,63221
PERMANENTE,UNIVERSIDADE DE SÃO PAULO ( SÃO CARLOS ),ELISA YUMI NAKAGAWA,63181
PERMANENTE,UNIVERSIDADE DE SÃO PAULO ( SÃO CARLOS ),ELLEN FRANCINE BARBOSA,63182
PERMANENTE,UNIVERSIDADE DE SÃO PAULO ( SÃO CARLOS ),FABRICIO SIMEONI DE SOUSA,63177
PERMANENTE,UNIVERSIDADE DE SÃO PAULO ( SÃO CARLOS ),FERNANDO SANTOS OSORIO,63215
PERMANENTE,UNIVERSIDADE DE SÃO PAULO ( SÃO CARLOS ),FERNANDO VIEIRA PAULOVICH,63199
PERMANENTE,UNIVERSIDADE DE SÃO PAULO ( SÃO CARLOS ),FRANCISCO APARECIDO RODRIGUES,63218
PERMANENTE,UNIVERSIDADE DE SÃO PAULO ( SÃO CARLOS ),FRANKLINA MARIA BRAGION DE TOLEDO,63194
PERMANENTE,UNIVERSIDADE DE SÃO PAULO ( SÃO CARLOS ),GUSTAVO CARLOS BUSCAGLIA,63210
PERMANENTE,UNIVERSIDADE DE SÃO PAULO ( SÃO CARLOS ),GUSTAVO ENRIQUE DE ALMEIDA PRADO ALVES BATISTA,63201
PERMANENTE,UNIVERSIDADE DE SÃO PAULO ( SÃO CARLOS ),JO UEYAMA,63216
PERMANENTE,UNIVERSIDADE DE SÃO PAULO ( SÃO CARLOS ),JOAO DO ESPIRITO SANTO BATISTA NETO,63173
PERMANENTE,UNIVERSIDADE DE SÃO PAULO ( SÃO CARLOS ),JOAO LUIS GARCIA ROSA,63214
PERMANENTE,UNIVERSIDADE DE SÃO PAULO ( SÃO CARLOS ),JOAO PORTO DE ALBUQUERQUE PEREIRA,63224
PERMANENTE,UNIVERSIDADE DE SÃO PAULO ( SÃO CARLOS ),JOSE ALBERTO CUMINATO,63157
PERMANENTE,UNIVERSIDADE DE SÃO PAULO ( SÃO CARLOS ),JOSE CARLOS MALDONADO,63149
PERMANENTE,UNIVERSIDADE DE SÃO PAULO ( SÃO CARLOS ),JOSE FERNANDO RODRIGUES JUNIOR,63180
PERMANENTE,UNIVERSIDADE DE SÃO PAULO ( SÃO CARLOS ),JULIO CEZAR ESTRELLA,63188
PERMANENTE,UNIVERSIDADE DE SÃO PAULO ( SÃO CARLOS ),KALINKA REGINA LUCAS JAQUIE CASTELO BRANCO,63186
PERMANENTE,UNIVERSIDADE DE SÃO PAULO ( SÃO CARLOS ),LEANDRO FRANCO DE SOUZA,63197
COLABORADOR,UNIVERSIDADE DE SÃO PAULO ( SÃO CARLOS ),LUCIANO DA FONTOURA COSTA,106428
PERMANENTE,UNIVERSIDADE DE SÃO PAULO ( SÃO CARLOS ),LUIS GUSTAVO NONATO,63171
PERMANENTE,UNIVERSIDADE DE SÃO PAULO ( SÃO CARLOS ),MARCELO GARCIA MANZATO,95115
PERMANENTE,UNIVERSIDADE DE SÃO PAULO ( SÃO CARLOS ),MARCIO EDUARDO DELAMARO,63170
COLABORADOR,UNIVERSIDADE DE SÃO PAULO ( SÃO CARLOS ),MARCIO FUZETO GAMEIRO,98333
PERMANENTE,UNIVERSIDADE DE SÃO PAULO ( SÃO CARLOS ),MARCOS JOSE SANTANA,63165
PERMANENTE,UNIVERSIDADE DE SÃO PAULO ( SÃO CARLOS ),MARIA CRISTINA FERREIRA DE OLIVEIRA,63146
PERMANENTE,UNIVERSIDADE DE SÃO PAULO ( SÃO CARLOS ),MARIA DA GRACA CAMPOS PIMENTEL,63167
COLABORADOR,UNIVERSIDADE DE SÃO PAULO ( SÃO CARLOS ),MARIA DAS GRACAS VOLPE NUNES,63155
PERMANENTE,UNIVERSIDADE DE SÃO PAULO ( SÃO CARLOS ),MARINA ANDRETTA,63217
PERMANENTE,UNIVERSIDADE DE SÃO PAULO ( SÃO CARLOS ),MARISTELA OLIVEIRA DOS SANTOS,63203
PERMANENTE,UNIVERSIDADE DE SÃO PAULO ( SÃO CARLOS ),MOACIR ANTONELLI PONTI,63226
PERMANENTE,UNIVERSIDADE DE SÃO PAULO ( SÃO CARLOS ),MURILO FRANCISCO TOME,63172
PERMANENTE,UNIVERSIDADE DE SÃO PAULO ( SÃO CARLOS ),ODEMIR MARTINEZ BRUNO,63176
PERMANENTE,UNIVERSIDADE DE SÃO PAULO ( SÃO CARLOS ),PAULO SERGIO LOPES DE SOUZA,63198
PERMANENTE,UNIVERSIDADE DE SÃO PAULO ( SÃO CARLOS ),RENATA PONTIN DE MATTOS FORTES,63153
PERMANENTE,UNIVERSIDADE DE SÃO PAULO ( SÃO CARLOS ),RICARDO JOSE GABRIELLI BARRETO CAMPELLO,63205
COLABORADOR,UNIVERSIDADE DE SÃO PAULO ( SÃO CARLOS ),ROBERTO FEDERICO AUSAS,144475
COLABORADOR,UNIVERSIDADE DE SÃO PAULO ( SÃO CARLOS ),ROBSON LEONARDO FERREIRA CORDEIRO,127543
PERMANENTE,UNIVERSIDADE DE SÃO PAULO ( SÃO CARLOS ),RODRIGO FERNANDES DE MELLO,63193
PERMANENTE,UNIVERSIDADE DE SÃO PAULO ( SÃO CARLOS ),ROSANA TERESINHA VACCARE BRAGA,63183
PERMANENTE,UNIVERSIDADE DE SÃO PAULO ( SÃO CARLOS ),ROSANE MINGHIM,63163
PERMANENTE,UNIVERSIDADE DE SÃO PAULO ( SÃO CARLOS ),ROSELI APARECIDA FRANCELIN ROMERO,63159
PERMANENTE,UNIVERSIDADE DE SÃO PAULO ( SÃO CARLOS ),RUDINEI GOULARTE,63191
PERMANENTE,UNIVERSIDADE DE SÃO PAULO ( SÃO CARLOS ),SANDRA MARIA ALUISIO,63152
COLABORADOR,UNIVERSIDADE DE SÃO PAULO ( SÃO CARLOS ),SARITA MAZZINI BRUSCHI,63195
PERMANENTE,UNIVERSIDADE DE SÃO PAULO ( SÃO CARLOS ),SEIJI ISOTANI,63225
PERMANENTE,UNIVERSIDADE DE SÃO PAULO ( SÃO CARLOS ),SIMONE DO ROCIO SENGER DE SOUZA,63209
PERMANENTE,UNIVERSIDADE DE SÃO PAULO ( SÃO CARLOS ),SOLANGE OLIVEIRA REZENDE,63158
PERMANENTE,UNIVERSIDADE DE SÃO PAULO ( SÃO CARLOS ),THIAGO ALEXANDRE SALGUEIRO PARDO,63178
PERMANENTE,UNIVERSIDADE DE SÃO PAULO ( SÃO CARLOS ),VANDERLEI BONATO,63187
PERMANENTE,UNIVERSIDADE DE SÃO PAULO ( SÃO CARLOS ),ZHAO LIANG,63174
