ies,nome,categoria
PONTIFÍCIA UNIVERSIDADE CATÓLICA DO RIO DE JANEIRO,ALBERTO BARBOSA RAPOSO,PERMANENTE
PONTIFÍCIA UNIVERSIDADE CATÓLICA DO RIO DE JANEIRO,ALESSANDRO FABRICIO GARCIA,PERMANENTE
PONTIFÍCIA UNIVERSIDADE CATÓLICA DO RIO DE JANEIRO,ANTONIO LUZ FURTADO,COLABORADOR
PONTIFÍCIA UNIVERSIDADE CATÓLICA DO RIO DE JANEIRO,ARNDT VON STAA,PERMANENTE
PONTIFÍCIA UNIVERSIDADE CATÓLICA DO RIO DE JANEIRO,BRUNO FEIJO,PERMANENTE
PONTIFÍCIA UNIVERSIDADE CATÓLICA DO RIO DE JANEIRO,CARLOS JOSE PEREIRA DE LUCENA,PERMANENTE
PONTIFÍCIA UNIVERSIDADE CATÓLICA DO RIO DE JANEIRO,CLARISSE SIECKENIUS DE SOUZA,PERMANENTE
PONTIFÍCIA UNIVERSIDADE CATÓLICA DO RIO DE JANEIRO,DANIEL SCHWABE,PERMANENTE
PONTIFÍCIA UNIVERSIDADE CATÓLICA DO RIO DE JANEIRO,EDUARDO SANY LABER,PERMANENTE
PONTIFÍCIA UNIVERSIDADE CATÓLICA DO RIO DE JANEIRO,EDWARD HERMANN HAEUSLER,PERMANENTE
PONTIFÍCIA UNIVERSIDADE CATÓLICA DO RIO DE JANEIRO,HELIO CORTES VIEIRA LOPES,PERMANENTE
PONTIFÍCIA UNIVERSIDADE CATÓLICA DO RIO DE JANEIRO,HUGO FUKS,PERMANENTE
PONTIFÍCIA UNIVERSIDADE CATÓLICA DO RIO DE JANEIRO,JULIO CESAR SAMPAIO DO PRADO LEITE,PERMANENTE
PONTIFÍCIA UNIVERSIDADE CATÓLICA DO RIO DE JANEIRO,MARCELO GATTASS,PERMANENTE
PONTIFÍCIA UNIVERSIDADE CATÓLICA DO RIO DE JANEIRO,MARCO ANTONIO CASANOVA,PERMANENTE
PONTIFÍCIA UNIVERSIDADE CATÓLICA DO RIO DE JANEIRO,MARCO SERPA MOLINARO,PERMANENTE
PONTIFÍCIA UNIVERSIDADE CATÓLICA DO RIO DE JANEIRO,MARCUS VINICIUS SOLEDADE POGGI DE ARAGAO,PERMANENTE
PONTIFÍCIA UNIVERSIDADE CATÓLICA DO RIO DE JANEIRO,MARKUS ENDLER,PERMANENTE
PONTIFÍCIA UNIVERSIDADE CATÓLICA DO RIO DE JANEIRO,NOEMI DE LA ROCQUE RODRIGUEZ,PERMANENTE
PONTIFÍCIA UNIVERSIDADE CATÓLICA DO RIO DE JANEIRO,ROBERTO IERUSALIMSCHY,PERMANENTE
PONTIFÍCIA UNIVERSIDADE CATÓLICA DO RIO DE JANEIRO,RUY LUIZ MILIDIU,PERMANENTE
PONTIFÍCIA UNIVERSIDADE CATÓLICA DO RIO DE JANEIRO,SERGIO LIFSCHITZ,PERMANENTE
PONTIFÍCIA UNIVERSIDADE CATÓLICA DO RIO DE JANEIRO,SIMONE DINIZ JUNQUEIRA BARBOSA,PERMANENTE
PONTIFÍCIA UNIVERSIDADE CATÓLICA DO RIO DE JANEIRO,THIBAUT VICTOR GASTON VIDAL,PERMANENTE
PONTIFÍCIA UNIVERSIDADE CATÓLICA DO RIO DE JANEIRO,WALDEMAR CELES FILHO,PERMANENTE
PONTIFÍCIA UNIVERSIDADE CATÓLICA DO RIO GRANDE DO SUL,ALEXANDRE DE MORAIS AMORY,PERMANENTE
PONTIFÍCIA UNIVERSIDADE CATÓLICA DO RIO GRANDE DO SUL,AVELINO FRANCISCO ZORZO,PERMANENTE
PONTIFÍCIA UNIVERSIDADE CATÓLICA DO RIO GRANDE DO SUL,CESAR AUGUSTO FONTICIELHA DE ROSE,PERMANENTE
PONTIFÍCIA UNIVERSIDADE CATÓLICA DO RIO GRANDE DO SUL,CESAR AUGUSTO MISSIO MARCON,PERMANENTE
PONTIFÍCIA UNIVERSIDADE CATÓLICA DO RIO GRANDE DO SUL,DUNCAN DUBUGRAS ALCOBA RUIZ,PERMANENTE
PONTIFÍCIA UNIVERSIDADE CATÓLICA DO RIO GRANDE DO SUL,FABIANO PASSUELO HESSEL,PERMANENTE
PONTIFÍCIA UNIVERSIDADE CATÓLICA DO RIO GRANDE DO SUL,FELIPE RECH MENEGUZZI,PERMANENTE
PONTIFÍCIA UNIVERSIDADE CATÓLICA DO RIO GRANDE DO SUL,FERNANDO GEHM MORAES,PERMANENTE
PONTIFÍCIA UNIVERSIDADE CATÓLICA DO RIO GRANDE DO SUL,FERNANDO LUIS DOTTI,PERMANENTE
PONTIFÍCIA UNIVERSIDADE CATÓLICA DO RIO GRANDE DO SUL,ISABEL HARB MANSSOUR,PERMANENTE
PONTIFÍCIA UNIVERSIDADE CATÓLICA DO RIO GRANDE DO SUL,JORGE LUIS NICOLAS AUDY,COLABORADOR
PONTIFÍCIA UNIVERSIDADE CATÓLICA DO RIO GRANDE DO SUL,LUIZ GUSTAVO LEAO FERNANDES,PERMANENTE
PONTIFÍCIA UNIVERSIDADE CATÓLICA DO RIO GRANDE DO SUL,MARCIA BORBA CAMPOS,PERMANENTE
PONTIFÍCIA UNIVERSIDADE CATÓLICA DO RIO GRANDE DO SUL,MARCIO SARROGLIA PINHO,PERMANENTE
PONTIFÍCIA UNIVERSIDADE CATÓLICA DO RIO GRANDE DO SUL,MILENE SELBACH SILVEIRA,PERMANENTE
PONTIFÍCIA UNIVERSIDADE CATÓLICA DO RIO GRANDE DO SUL,NEY LAERT VILAR CALAZANS,PERMANENTE
PONTIFÍCIA UNIVERSIDADE CATÓLICA DO RIO GRANDE DO SUL,OSMAR NORBERTO DE SOUZA,PERMANENTE
PONTIFÍCIA UNIVERSIDADE CATÓLICA DO RIO GRANDE DO SUL,PAULO HENRIQUE LEMELLE FERNANDES,PERMANENTE
PONTIFÍCIA UNIVERSIDADE CATÓLICA DO RIO GRANDE DO SUL,RAFAEL HEITOR BORDINI,PERMANENTE
PONTIFÍCIA UNIVERSIDADE CATÓLICA DO RIO GRANDE DO SUL,RAFAEL PRIKLADNICKI,PERMANENTE
PONTIFÍCIA UNIVERSIDADE CATÓLICA DO RIO GRANDE DO SUL,RENATA VIEIRA,PERMANENTE
PONTIFÍCIA UNIVERSIDADE CATÓLICA DO RIO GRANDE DO SUL,RODRIGO COELHO BARROS,PERMANENTE
PONTIFÍCIA UNIVERSIDADE CATÓLICA DO RIO GRANDE DO SUL,SABRINA DOS SANTOS MARCZAK,PERMANENTE
PONTIFÍCIA UNIVERSIDADE CATÓLICA DO RIO GRANDE DO SUL,SORAIA RAUPP MUSSE,PERMANENTE
PONTIFÍCIA UNIVERSIDADE CATÓLICA DO RIO GRANDE DO SUL,TIAGO COELHO FERRETO,PERMANENTE
PONTIFÍCIA UNIVERSIDADE CATÓLICA DO RIO GRANDE DO SUL,VERA LUCIA STRUBE DE LIMA,COLABORADOR
UNIVERSIDADE FEDERAL FLUMINENSE,ALEXANDRE PLASTINO DE CARVALHO,PERMANENTE
UNIVERSIDADE FEDERAL FLUMINENSE,ALINE MARINS PAES,PERMANENTE
UNIVERSIDADE FEDERAL FLUMINENSE,ANA CRISTINA BICHARRA GARCIA,PERMANENTE
UNIVERSIDADE FEDERAL FLUMINENSE,ANSELMO ANTUNES MONTENEGRO,PERMANENTE
UNIVERSIDADE FEDERAL FLUMINENSE,ANTONIO AUGUSTO DE ARAGAO ROCHA,PERMANENTE
UNIVERSIDADE FEDERAL FLUMINENSE,AURA CONCI,PERMANENTE
UNIVERSIDADE FEDERAL FLUMINENSE,BRUNO LOPES VIEIRA,PERMANENTE
UNIVERSIDADE FEDERAL FLUMINENSE,CARLOS ALBERTO DE JESUS MARTINHON,PERMANENTE
UNIVERSIDADE FEDERAL FLUMINENSE,CELIO VINICIUS NEVES DE ALBUQUERQUE,PERMANENTE
UNIVERSIDADE FEDERAL FLUMINENSE,CELSO DA CRUZ CARNEIRO RIBEIRO,PERMANENTE
UNIVERSIDADE FEDERAL FLUMINENSE,CHRISTIANO DE OLIVEIRA BRAGA,PERMANENTE
UNIVERSIDADE FEDERAL FLUMINENSE,CRISTINA NADER VASCONCELOS,PERMANENTE
UNIVERSIDADE FEDERAL FLUMINENSE,DANIEL CARDOSO MORAES DE OLIVEIRA,PERMANENTE
UNIVERSIDADE FEDERAL FLUMINENSE,DANIELA TREVISAN,PERMANENTE
UNIVERSIDADE FEDERAL FLUMINENSE,DEBORA CHRISTINA MUCHALUAT SAADE,PERMANENTE
UNIVERSIDADE FEDERAL FLUMINENSE,DIEGO GIMENEZ PASSOS,PERMANENTE
UNIVERSIDADE FEDERAL FLUMINENSE,ESTEBAN WALTER GONZALEZ CLUA,PERMANENTE
UNIVERSIDADE FEDERAL FLUMINENSE,EUGENE FRANCIS VINOD REBELLO,PERMANENTE
UNIVERSIDADE FEDERAL FLUMINENSE,FÁBIO PROTTI,PERMANENTE
UNIVERSIDADE FEDERAL FLUMINENSE,IGOR MONTEIRO MORAES,PERMANENTE
UNIVERSIDADE FEDERAL FLUMINENSE,JOSE RICARDO DE ALMEIDA TORREAO,PERMANENTE
UNIVERSIDADE FEDERAL FLUMINENSE,JOSE VITERBO FILHO,PERMANENTE
UNIVERSIDADE FEDERAL FLUMINENSE,JULIO CESAR STACCHINI DE SOUZA,PERMANENTE
UNIVERSIDADE FEDERAL FLUMINENSE,LEANDRO AUGUSTO FRATA FERNANDES,PERMANENTE
UNIVERSIDADE FEDERAL FLUMINENSE,LEONARDO GRESTA PAULINO MURTA,PERMANENTE
UNIVERSIDADE FEDERAL FLUMINENSE,LOANA TITO NOGUEIRA,PERMANENTE
UNIVERSIDADE FEDERAL FLUMINENSE,LUCIA MARIA DE ASSUMPCAO DRUMMOND,PERMANENTE
UNIVERSIDADE FEDERAL FLUMINENSE,LUCIANA CARDOSO DE CASTRO SALGADO,PERMANENTE
UNIVERSIDADE FEDERAL FLUMINENSE,LUIS ANTONIO BRASIL KOWADA,PERMANENTE
UNIVERSIDADE FEDERAL FLUMINENSE,LUIS MARTI OROSA,PERMANENTE
UNIVERSIDADE FEDERAL FLUMINENSE,LUIZ ANDRE PORTES PAES LEME,PERMANENTE
UNIVERSIDADE FEDERAL FLUMINENSE,LUIZ SATORU OCHI,PERMANENTE
UNIVERSIDADE FEDERAL FLUMINENSE,MARCOS DE OLIVEIRA LAGE FERREIRA,PERMANENTE
UNIVERSIDADE FEDERAL FLUMINENSE,MARCOS KALINOWSKI,PERMANENTE
UNIVERSIDADE FEDERAL FLUMINENSE,MILTON BROWN DO COUTTO FILHO,PERMANENTE
UNIVERSIDADE FEDERAL FLUMINENSE,ORLANDO GOMES LOQUES FILHO,PERMANENTE
UNIVERSIDADE FEDERAL FLUMINENSE,SIMONE DE LIMA MARTINS,PERMANENTE
UNIVERSIDADE FEDERAL FLUMINENSE,UEVERTON DOS SANTOS SOUZA,PERMANENTE
UNIVERSIDADE FEDERAL FLUMINENSE,VANESSA BRAGANHOLO MURTA,PERMANENTE
UNIVERSIDADE FEDERAL FLUMINENSE,VIVIANE TORRES DA SILVA,PERMANENTE
UNIVERSIDADE FEDERAL FLUMINENSE,YURI ABITBOL DE MENEZES FROTA,PERMANENTE
UNIVERSIDADE FEDERAL DE MINAS GERAIS,ADRIANO ALONSO VELOSO,PERMANENTE
UNIVERSIDADE FEDERAL DE MINAS GERAIS,ADRIANO CESAR MACHADO PEREIRA,PERMANENTE
UNIVERSIDADE FEDERAL DE MINAS GERAIS,ALBERTO HENRIQUE FRADE LAENDER,PERMANENTE
UNIVERSIDADE FEDERAL DE MINAS GERAIS,ALEXANDRE SALLES DA CUNHA,PERMANENTE
UNIVERSIDADE FEDERAL DE MINAS GERAIS,ANA PAULA COUTO DA SILVA,PERMANENTE
UNIVERSIDADE FEDERAL DE MINAS GERAIS,ANTONIO ALFREDO FERREIRA LOUREIRO,PERMANENTE
UNIVERSIDADE FEDERAL DE MINAS GERAIS,ANTONIO OTAVIO FERNANDES,COLABORADOR
UNIVERSIDADE FEDERAL DE MINAS GERAIS,ARNALDO DE ALBUQUERQUE ARAUJO,PERMANENTE
UNIVERSIDADE FEDERAL DE MINAS GERAIS,BERTHIER RIBEIRO DE ARAUJO NETO,PERMANENTE
UNIVERSIDADE FEDERAL DE MINAS GERAIS,CLODOVEU AUGUSTO DAVIS JUNIOR,PERMANENTE
UNIVERSIDADE FEDERAL DE MINAS GERAIS,CRISTIANO ARBEX VALLE,COLABORADOR
UNIVERSIDADE FEDERAL DE MINAS GERAIS,DANIEL FERNANDES MACEDO,PERMANENTE
UNIVERSIDADE FEDERAL DE MINAS GERAIS,DORGIVAL OLAVO GUEDES NETO,PERMANENTE
UNIVERSIDADE FEDERAL DE MINAS GERAIS,DOUGLAS GUIMARAES MACHARET,COLABORADOR
UNIVERSIDADE FEDERAL DE MINAS GERAIS,EDUARDO MAGNO LAGES FIGUEIREDO,PERMANENTE
UNIVERSIDADE FEDERAL DE MINAS GERAIS,ERICKSON RANGEL DO NASCIMENTO,PERMANENTE
UNIVERSIDADE FEDERAL DE MINAS GERAIS,FABRICIO BENEVENUTO DE SOUZA,PERMANENTE
UNIVERSIDADE FEDERAL DE MINAS GERAIS,FERNANDO MAGNO QUINTAO PEREIRA,PERMANENTE
UNIVERSIDADE FEDERAL DE MINAS GERAIS,GERALDO ROBSON MATEUS,PERMANENTE
UNIVERSIDADE FEDERAL DE MINAS GERAIS,GISELE LOBO PAPPA,PERMANENTE
UNIVERSIDADE FEDERAL DE MINAS GERAIS,ITALO FERNANDO SCOTA CUNHA,PERMANENTE
UNIVERSIDADE FEDERAL DE MINAS GERAIS,JEFERSSON ALEX DOS SANTOS,PERMANENTE
UNIVERSIDADE FEDERAL DE MINAS GERAIS,JEROEN ANTONIUS MARIA VAN DE GRAAF,COLABORADOR
UNIVERSIDADE FEDERAL DE MINAS GERAIS,JOSE MARCOS SILVA NOGUEIRA,PERMANENTE
UNIVERSIDADE FEDERAL DE MINAS GERAIS,JUSSARA MARQUES DE ALMEIDA GONCALVES,PERMANENTE
UNIVERSIDADE FEDERAL DE MINAS GERAIS,LEONARDO BARBOSA E OLIVEIRA,PERMANENTE
UNIVERSIDADE FEDERAL DE MINAS GERAIS,LOIC PASCAL GILLES CERF,PERMANENTE
UNIVERSIDADE FEDERAL DE MINAS GERAIS,LUIZ CHAIMOWICZ,PERMANENTE
UNIVERSIDADE FEDERAL DE MINAS GERAIS,LUIZ FILIPE MENEZES VIEIRA,PERMANENTE
UNIVERSIDADE FEDERAL DE MINAS GERAIS,MARCO TULIO DE OLIVEIRA VALENTE,PERMANENTE
UNIVERSIDADE FEDERAL DE MINAS GERAIS,MARCOS ANDRE GONCALVES,PERMANENTE
UNIVERSIDADE FEDERAL DE MINAS GERAIS,MARCOS AUGUSTO MENEZES VIEIRA,PERMANENTE
UNIVERSIDADE FEDERAL DE MINAS GERAIS,MARIO FERNANDO MONTENEGRO CAMPOS,PERMANENTE
UNIVERSIDADE FEDERAL DE MINAS GERAIS,MARIO SERGIO FERREIRA ALVIM JUNIOR,COLABORADOR
UNIVERSIDADE FEDERAL DE MINAS GERAIS,MARIZA ANDRADE DA SILVA BIGONHA,PERMANENTE
UNIVERSIDADE FEDERAL DE MINAS GERAIS,MIRELLA MOURA MORO,PERMANENTE
UNIVERSIDADE FEDERAL DE MINAS GERAIS,NEWTON JOSE VIEIRA,COLABORADOR
UNIVERSIDADE FEDERAL DE MINAS GERAIS,NIVIO ZIVIANI,PERMANENTE
UNIVERSIDADE FEDERAL DE MINAS GERAIS,OLGA NIKOLAEVNA GOUSSEVSKAIA,PERMANENTE
UNIVERSIDADE FEDERAL DE MINAS GERAIS,OMAR PARANAIBA VILELA NETO,PERMANENTE
UNIVERSIDADE FEDERAL DE MINAS GERAIS,PEDRO OLMO STANCIOLI VAZ DE MELO,PERMANENTE
UNIVERSIDADE FEDERAL DE MINAS GERAIS,RAQUEL CARDOSO DE MELO MINARDI,PERMANENTE
UNIVERSIDADE FEDERAL DE MINAS GERAIS,RAQUEL OLIVEIRA PRATES,PERMANENTE
UNIVERSIDADE FEDERAL DE MINAS GERAIS,RENATO ANTONIO CELSO FERREIRA,PERMANENTE
UNIVERSIDADE FEDERAL DE MINAS GERAIS,RENATO MARTINS ASSUNCAO,PERMANENTE
UNIVERSIDADE FEDERAL DE MINAS GERAIS,RODOLFO SERGIO FERREIRA DE RESENDE,COLABORADOR
UNIVERSIDADE FEDERAL DE MINAS GERAIS,RODRYGO LUIS TEODORO SANTOS,PERMANENTE
UNIVERSIDADE FEDERAL DE MINAS GERAIS,SEBASTIAN ALBERTO URRUTIA,PERMANENTE
UNIVERSIDADE FEDERAL DE MINAS GERAIS,SERGIO VALE AGUIAR CAMPOS,PERMANENTE
UNIVERSIDADE FEDERAL DE MINAS GERAIS,THIAGO FERREIRA DE NORONHA,PERMANENTE
UNIVERSIDADE FEDERAL DE MINAS GERAIS,VINICIUS FERNANDES DOS SANTOS,PERMANENTE
UNIVERSIDADE FEDERAL DE MINAS GERAIS,VIRGILIO AUGUSTO FERNANDES ALMEIDA,PERMANENTE
UNIVERSIDADE FEDERAL DE MINAS GERAIS,WAGNER MEIRA JUNIOR,PERMANENTE
UNIVERSIDADE FEDERAL DE MINAS GERAIS,WILLIAM ROBSON SCHWARTZ,PERMANENTE
UNIVERSIDADE FEDERAL DE PERNAMBUCO,ABEL GUILHERMINO DA SILVA FILHO,PERMANENTE
UNIVERSIDADE FEDERAL DE PERNAMBUCO,ADRIANO AUGUSTO DE MORAES SARMENTO,COLABORADOR
UNIVERSIDADE FEDERAL DE PERNAMBUCO,ADRIANO LORENA INACIO DE OLIVEIRA,PERMANENTE
UNIVERSIDADE FEDERAL DE PERNAMBUCO,ALEX SANDRO GOMES,COLABORADOR
UNIVERSIDADE FEDERAL DE PERNAMBUCO,ALEXANDRE CABRAL MOTA,PERMANENTE
UNIVERSIDADE FEDERAL DE PERNAMBUCO,ALEXANDRE MARCOS LINS DE VASCONCELOS,COLABORADOR
UNIVERSIDADE FEDERAL DE PERNAMBUCO,ALUIZIO FAUSTO RIBEIRO ARAUJO,PERMANENTE
UNIVERSIDADE FEDERAL DE PERNAMBUCO,ANA CAROLINA BRANDAO SALGADO,PERMANENTE
UNIVERSIDADE FEDERAL DE PERNAMBUCO,ANDRE LUIS DE MEDEIROS SANTOS,PERMANENTE
UNIVERSIDADE FEDERAL DE PERNAMBUCO,ANJOLINA GRISI DE OLIVEIRA,PERMANENTE
UNIVERSIDADE FEDERAL DE PERNAMBUCO,AUGUSTO CESAR ALVES SAMPAIO,PERMANENTE
UNIVERSIDADE FEDERAL DE PERNAMBUCO,BERNADETTE FARIAS LOSCIO,COLABORADOR
UNIVERSIDADE FEDERAL DE PERNAMBUCO,CARINA FROTA ALVES,PERMANENTE
UNIVERSIDADE FEDERAL DE PERNAMBUCO,CARLA TACIANA LIMA LOURENCO SILVA SCHUENEMANN,PERMANENTE
UNIVERSIDADE FEDERAL DE PERNAMBUCO,CARLOS ALEXANDRE BARROS DE MELLO,PERMANENTE
UNIVERSIDADE FEDERAL DE PERNAMBUCO,CARLOS ANDRE GUIMARAES FERRAZ,COLABORADOR
UNIVERSIDADE FEDERAL DE PERNAMBUCO,CLEBER ZANCHETTIN,PERMANENTE
UNIVERSIDADE FEDERAL DE PERNAMBUCO,CRISTIANO COELHO DE ARAUJO,COLABORADOR
UNIVERSIDADE FEDERAL DE PERNAMBUCO,DANIEL CARVALHO DA CUNHA,PERMANENTE
UNIVERSIDADE FEDERAL DE PERNAMBUCO,DIVANILSON RODRIGO DE SOUSA CAMPELO,PERMANENTE
UNIVERSIDADE FEDERAL DE PERNAMBUCO,DJAMEL FAWZI HADJ SADOK,PERMANENTE
UNIVERSIDADE FEDERAL DE PERNAMBUCO,EDNA NATIVIDADE DA SILVA BARROS,PERMANENTE
UNIVERSIDADE FEDERAL DE PERNAMBUCO,EDSON COSTA DE BARROS CARVALHO FILHO,COLABORADOR
UNIVERSIDADE FEDERAL DE PERNAMBUCO,EDUARDO ANTONIO GUIMARAES TAVARES,PERMANENTE
UNIVERSIDADE FEDERAL DE PERNAMBUCO,FABIO QUEDA BUENO DA SILVA,PERMANENTE
UNIVERSIDADE FEDERAL DE PERNAMBUCO,FERNANDO DA FONSECA DE SOUZA,PERMANENTE
UNIVERSIDADE FEDERAL DE PERNAMBUCO,FERNANDO JOSE CASTOR DE LIMA FILHO,PERMANENTE
UNIVERSIDADE FEDERAL DE PERNAMBUCO,FLAVIA DE ALMEIDA BARROS,PERMANENTE
UNIVERSIDADE FEDERAL DE PERNAMBUCO,FRANCISCO DE ASSIS TENORIO DE CARVALHO,PERMANENTE
UNIVERSIDADE FEDERAL DE PERNAMBUCO,FREDERICO LUIZ GONCALVES DE FREITAS,PERMANENTE
UNIVERSIDADE FEDERAL DE PERNAMBUCO,GEBER LISBOA RAMALHO,PERMANENTE
UNIVERSIDADE FEDERAL DE PERNAMBUCO,GEORGE DARMITON DA CUNHA CAVALCANTI,PERMANENTE
UNIVERSIDADE FEDERAL DE PERNAMBUCO,GERMANO CRISPIM VASCONCELOS,PERMANENTE
UNIVERSIDADE FEDERAL DE PERNAMBUCO,GIORDANO RIBEIRO EULALIO CABRAL,"COLABORADOR
	                                    	PERMANENTE"
UNIVERSIDADE FEDERAL DE PERNAMBUCO,GUSTAVO HENRIQUE PORTO DE CARVALHO,PERMANENTE
UNIVERSIDADE FEDERAL DE PERNAMBUCO,HANSENCLEVER DE FRANCA BASSANI,COLABORADOR
UNIVERSIDADE FEDERAL DE PERNAMBUCO,HENRIQUE EMANUEL MOSTAERT REBELO,COLABORADOR
UNIVERSIDADE FEDERAL DE PERNAMBUCO,HERMANO PERRELLI DE MOURA,PERMANENTE
UNIVERSIDADE FEDERAL DE PERNAMBUCO,JAELSON FREIRE BRELAZ DE CASTRO,PERMANENTE
UNIVERSIDADE FEDERAL DE PERNAMBUCO,JOSE AUGUSTO SURUAGY MONTEIRO,PERMANENTE
UNIVERSIDADE FEDERAL DE PERNAMBUCO,JUDITH KELNER,PERMANENTE
UNIVERSIDADE FEDERAL DE PERNAMBUCO,JULIANO MANABU IYODA,PERMANENTE
UNIVERSIDADE FEDERAL DE PERNAMBUCO,KATIA SILVA GUIMARAES,PERMANENTE
UNIVERSIDADE FEDERAL DE PERNAMBUCO,KELVIN LOPES DIAS,PERMANENTE
UNIVERSIDADE FEDERAL DE PERNAMBUCO,KIEV SANTOS DA GAMA,PERMANENTE
UNIVERSIDADE FEDERAL DE PERNAMBUCO,LEANDRO MACIEL ALMEIDA,PERMANENTE
UNIVERSIDADE FEDERAL DE PERNAMBUCO,LEOPOLDO MOTTA TEIXEIRA,COLABORADOR
UNIVERSIDADE FEDERAL DE PERNAMBUCO,LUCIANO DE ANDRADE BARBOSA,PERMANENTE
UNIVERSIDADE FEDERAL DE PERNAMBUCO,MANOEL EUSEBIO DE LIMA,PERMANENTE
UNIVERSIDADE FEDERAL DE PERNAMBUCO,MARCELO BEZERRA D'AMORIM,PERMANENTE
UNIVERSIDADE FEDERAL DE PERNAMBUCO,MARCIO LOPES CORNELIO,PERMANENTE
UNIVERSIDADE FEDERAL DE PERNAMBUCO,NELSON SOUTO ROSA,PERMANENTE
UNIVERSIDADE FEDERAL DE PERNAMBUCO,NIVAN ROBERTO FERREIRA JUNIOR,PERMANENTE
UNIVERSIDADE FEDERAL DE PERNAMBUCO,ODILON MAROJA DA COSTA PEREIRA FILHO,PERMANENTE
UNIVERSIDADE FEDERAL DE PERNAMBUCO,PATRICIA CABRAL DE AZEVEDO RESTELLI TEDESCO,PERMANENTE
UNIVERSIDADE FEDERAL DE PERNAMBUCO,PAULO ANDRE DA SILVA GONCALVES,COLABORADOR
UNIVERSIDADE FEDERAL DE PERNAMBUCO,PAULO GUSTAVO SOARES DA FONSECA,PERMANENTE
UNIVERSIDADE FEDERAL DE PERNAMBUCO,PAULO HENRIQUE MONTEIRO BORBA,PERMANENTE
UNIVERSIDADE FEDERAL DE PERNAMBUCO,PAULO JORGE LEITAO ADEODATO,PERMANENTE
UNIVERSIDADE FEDERAL DE PERNAMBUCO,PAULO ROBERTO FREIRE CUNHA,PERMANENTE
UNIVERSIDADE FEDERAL DE PERNAMBUCO,PAULO ROMERO MARTINS MACIEL,PERMANENTE
UNIVERSIDADE FEDERAL DE PERNAMBUCO,PAULO SALGADO GOMES DE MATTOS NETO,"COLABORADOR
	                                    	PERMANENTE"
UNIVERSIDADE FEDERAL DE PERNAMBUCO,PEDRO MACHADO MANHAES DE CASTRO,PERMANENTE
UNIVERSIDADE FEDERAL DE PERNAMBUCO,RAFAEL DUEIRE LINS,COLABORADOR
UNIVERSIDADE FEDERAL DE PERNAMBUCO,RENATA MARIA MENDES CARDOSO,PERMANENTE
UNIVERSIDADE FEDERAL DE PERNAMBUCO,RENATO MARIZ DE MORAES,PERMANENTE
UNIVERSIDADE FEDERAL DE PERNAMBUCO,RENATO VIMIEIRO,COLABORADOR
UNIVERSIDADE FEDERAL DE PERNAMBUCO,RICARDO BASTOS CAVALCANTE PRUDENCIO,PERMANENTE
UNIVERSIDADE FEDERAL DE PERNAMBUCO,RICARDO MARTINS DE ABREU SILVA,PERMANENTE
UNIVERSIDADE FEDERAL DE PERNAMBUCO,RICARDO MASSA FERREIRA LIMA,PERMANENTE
UNIVERSIDADE FEDERAL DE PERNAMBUCO,ROBERTO SOUTO MAIOR DE BARROS,PERMANENTE
UNIVERSIDADE FEDERAL DE PERNAMBUCO,ROBSON DO NASCIMENTO FIDALGO,PERMANENTE
UNIVERSIDADE FEDERAL DE PERNAMBUCO,RUY JOSE GUERRA BARRETTO DE QUEIROZ,PERMANENTE
UNIVERSIDADE FEDERAL DE PERNAMBUCO,SERGIO CASTELO BRANCO SOARES,PERMANENTE
UNIVERSIDADE FEDERAL DE PERNAMBUCO,SERGIO RICARDO DE MELO QUEIROZ,PERMANENTE
UNIVERSIDADE FEDERAL DE PERNAMBUCO,SILVIO DE BARROS MELO,PERMANENTE
UNIVERSIDADE FEDERAL DE PERNAMBUCO,SILVIO ROMERO DE LEMOS MEIRA,PERMANENTE
UNIVERSIDADE FEDERAL DE PERNAMBUCO,SIMONE CRISTIANE DOS SANTOS LIMA,PERMANENTE
UNIVERSIDADE FEDERAL DE PERNAMBUCO,SOSTENES LUIZ SOARES LINS,PERMANENTE
UNIVERSIDADE FEDERAL DE PERNAMBUCO,STENIO FLAVIO DE LACERDA FERNANDES,PERMANENTE
UNIVERSIDADE FEDERAL DE PERNAMBUCO,TERESA BERNARDA LUDERMIR,PERMANENTE
UNIVERSIDADE FEDERAL DE PERNAMBUCO,TSANG ING REN,PERMANENTE
UNIVERSIDADE FEDERAL DE PERNAMBUCO,VALERIA CESARIO TIMES,PERMANENTE
UNIVERSIDADE FEDERAL DE PERNAMBUCO,VERONICA TEICHRIEB,PERMANENTE
UNIVERSIDADE FEDERAL DE PERNAMBUCO,VINICIUS CARDOSO GARCIA,PERMANENTE
UNIVERSIDADE FEDERAL DO RIO GRANDE DO SUL,ALBERTO EGON SCHAEFFER FILHO,PERMANENTE
UNIVERSIDADE FEDERAL DO RIO GRANDE DO SUL,ALINE VILLAVICENCIO,PERMANENTE
UNIVERSIDADE FEDERAL DO RIO GRANDE DO SUL,ALTAMIRO AMADEU SUSIN,COLABORADOR
UNIVERSIDADE FEDERAL DO RIO GRANDE DO SUL,ALVARO FREITAS MOREIRA,PERMANENTE
UNIVERSIDADE FEDERAL DO RIO GRANDE DO SUL,ANA LUCIA CETERTICH BAZZAN,PERMANENTE
UNIVERSIDADE FEDERAL DO RIO GRANDE DO SUL,ANDERSON MACIEL,PERMANENTE
UNIVERSIDADE FEDERAL DO RIO GRANDE DO SUL,ANDRE GRAHL PEREIRA,PERMANENTE
UNIVERSIDADE FEDERAL DO RIO GRANDE DO SUL,ANDRE INACIO REIS,PERMANENTE
UNIVERSIDADE FEDERAL DO RIO GRANDE DO SUL,ANTONIO CARLOS SCHNEIDER BECK FILHO,PERMANENTE
UNIVERSIDADE FEDERAL DO RIO GRANDE DO SUL,ANTONIO MARINHO PILLA BARCELLOS,PERMANENTE
UNIVERSIDADE FEDERAL DO RIO GRANDE DO SUL,CARLA MARIA DAL SASSO FREITAS,PERMANENTE
UNIVERSIDADE FEDERAL DO RIO GRANDE DO SUL,CARLOS EDUARDO PEREIRA,PERMANENTE
UNIVERSIDADE FEDERAL DO RIO GRANDE DO SUL,CLAUDIO FERNANDO RESIN GEYER,PERMANENTE
UNIVERSIDADE FEDERAL DO RIO GRANDE DO SUL,CLÁUDIO ROSITO JUNG,PERMANENTE
UNIVERSIDADE FEDERAL DO RIO GRANDE DO SUL,DALTRO JOSE NUNES,COLABORADOR
UNIVERSIDADE FEDERAL DO RIO GRANDE DO SUL,DANTE AUGUSTO COUTO BARONE,PERMANENTE
UNIVERSIDADE FEDERAL DO RIO GRANDE DO SUL,EDISON PIGNATON DE FREITAS,PERMANENTE
UNIVERSIDADE FEDERAL DO RIO GRANDE DO SUL,EDSON PRESTES E SILVA JUNIOR,PERMANENTE
UNIVERSIDADE FEDERAL DO RIO GRANDE DO SUL,EDUARDO SIMOES LOPES GASTAL,PERMANENTE
UNIVERSIDADE FEDERAL DO RIO GRANDE DO SUL,ERIKA FERNANDES COTA,PERMANENTE
UNIVERSIDADE FEDERAL DO RIO GRANDE DO SUL,FERNANDA GUSMAO DE LIMA KASTENSMIDT,PERMANENTE
UNIVERSIDADE FEDERAL DO RIO GRANDE DO SUL,FLÁVIO RECH WAGNER,PERMANENTE
UNIVERSIDADE FEDERAL DO RIO GRANDE DO SUL,GABRIEL LUCA NAZAR,PERMANENTE
UNIVERSIDADE FEDERAL DO RIO GRANDE DO SUL,INGRID OLIVEIRA DE NUNES,PERMANENTE
UNIVERSIDADE FEDERAL DO RIO GRANDE DO SUL,JACOB SCHARCANSKI,PERMANENTE
UNIVERSIDADE FEDERAL DO RIO GRANDE DO SUL,JOAO LUIZ DIHL COMBA,PERMANENTE
UNIVERSIDADE FEDERAL DO RIO GRANDE DO SUL,JOSE PALAZZO MOREIRA DE OLIVEIRA,PERMANENTE
UNIVERSIDADE FEDERAL DO RIO GRANDE DO SUL,JUERGEN ROCHOL,COLABORADOR
UNIVERSIDADE FEDERAL DO RIO GRANDE DO SUL,KARIN BECKER,PERMANENTE
UNIVERSIDADE FEDERAL DO RIO GRANDE DO SUL,LEANDRO KRUG WIVES,PERMANENTE
UNIVERSIDADE FEDERAL DO RIO GRANDE DO SUL,LEILA RIBEIRO,PERMANENTE
UNIVERSIDADE FEDERAL DO RIO GRANDE DO SUL,LIANE MARGARIDA ROCKENBACH TAROUCO,PERMANENTE
UNIVERSIDADE FEDERAL DO RIO GRANDE DO SUL,LISANDRO ZAMBENEDETTI GRANVILLE,PERMANENTE
UNIVERSIDADE FEDERAL DO RIO GRANDE DO SUL,LUCAS MELLO SCHNORR,PERMANENTE
UNIVERSIDADE FEDERAL DO RIO GRANDE DO SUL,LUCIANA PORCHER NEDEL,PERMANENTE
UNIVERSIDADE FEDERAL DO RIO GRANDE DO SUL,LUCIANA SALETE BURIOL,PERMANENTE
UNIVERSIDADE FEDERAL DO RIO GRANDE DO SUL,LUCIANO PASCHOAL GASPARY,PERMANENTE
UNIVERSIDADE FEDERAL DO RIO GRANDE DO SUL,LUCINEIA HELOISA THOM,PERMANENTE
UNIVERSIDADE FEDERAL DO RIO GRANDE DO SUL,LUCIO MAURO DUARTE,PERMANENTE
UNIVERSIDADE FEDERAL DO RIO GRANDE DO SUL,LUIGI CARRO,PERMANENTE
UNIVERSIDADE FEDERAL DO RIO GRANDE DO SUL,LUIS DA CUNHA LAMB,PERMANENTE
UNIVERSIDADE FEDERAL DO RIO GRANDE DO SUL,MANUEL MENEZES DE OLIVEIRA NETO,PERMANENTE
UNIVERSIDADE FEDERAL DO RIO GRANDE DO SUL,MARA ABEL,PERMANENTE
UNIVERSIDADE FEDERAL DO RIO GRANDE DO SUL,MARCELO SOARES PIMENTA,PERMANENTE
UNIVERSIDADE FEDERAL DO RIO GRANDE DO SUL,MARCELO WALTER,PERMANENTE
UNIVERSIDADE FEDERAL DO RIO GRANDE DO SUL,MARCIO DORN,PERMANENTE
UNIVERSIDADE FEDERAL DO RIO GRANDE DO SUL,MARCUS ROLF PETER RITT,PERMANENTE
UNIVERSIDADE FEDERAL DO RIO GRANDE DO SUL,MARIANA LUDERITZ KOLBERG,PERMANENTE
UNIVERSIDADE FEDERAL DO RIO GRANDE DO SUL,NICOLAS BRUNO MAILLARD,PERMANENTE
UNIVERSIDADE FEDERAL DO RIO GRANDE DO SUL,PAOLO RECH,PERMANENTE
UNIVERSIDADE FEDERAL DO RIO GRANDE DO SUL,PAULO MARTINS ENGEL,PERMANENTE
UNIVERSIDADE FEDERAL DO RIO GRANDE DO SUL,PHILIPPE OLIVIER ALEXANDRE NAVAUX,PERMANENTE
UNIVERSIDADE FEDERAL DO RIO GRANDE DO SUL,RENATA DE MATOS GALANTE,PERMANENTE
UNIVERSIDADE FEDERAL DO RIO GRANDE DO SUL,RENATO PEREZ RIBAS,PERMANENTE
UNIVERSIDADE FEDERAL DO RIO GRANDE DO SUL,RICARDO AUGUSTO DA LUZ REIS,PERMANENTE
UNIVERSIDADE FEDERAL DO RIO GRANDE DO SUL,ROSA MARIA VICARI,PERMANENTE
UNIVERSIDADE FEDERAL DO RIO GRANDE DO SUL,SERGIO BAMPI,PERMANENTE
UNIVERSIDADE FEDERAL DO RIO GRANDE DO SUL,VALTER ROESLER,PERMANENTE
UNIVERSIDADE FEDERAL DO RIO GRANDE DO SUL,VIVIANE PEREIRA MOREIRA,PERMANENTE
UNIVERSIDADE FEDERAL DO RIO GRANDE DO SUL,WEVERTON LUIS DA COSTA CORDEIRO,PERMANENTE
UNIVERSIDADE FEDERAL DO RIO DE JANEIRO,ADRIANA SANTAROSA VIVACQUA,PERMANENTE
UNIVERSIDADE FEDERAL DO RIO DE JANEIRO,ANTONIO JUAREZ SYLVIO MENEZES DE ALENCAR,PERMANENTE
UNIVERSIDADE FEDERAL DO RIO DE JANEIRO,CARLA AMOR DIVINO MOREIRA DELGADO,COLABORADOR
UNIVERSIDADE FEDERAL DO RIO DE JANEIRO,CLAUDIA LAGE REBELLO DA MOTTA,PERMANENTE
UNIVERSIDADE FEDERAL DO RIO DE JANEIRO,CLAUDIO MICELI DE FARIAS,PERMANENTE
UNIVERSIDADE FEDERAL DO RIO DE JANEIRO,DANIEL GREGORIO ALFARO VIGO,PERMANENTE
UNIVERSIDADE FEDERAL DO RIO DE JANEIRO,DANIEL SADOC MENASCHE,PERMANENTE
UNIVERSIDADE FEDERAL DO RIO DE JANEIRO,EBER ASSIS SCHMITZ,PERMANENTE
UNIVERSIDADE FEDERAL DO RIO DE JANEIRO,FABIO FERRENTINI SAMPAIO,PERMANENTE
UNIVERSIDADE FEDERAL DO RIO DE JANEIRO,FABIO MASCARENHAS DE QUEIROZ,PERMANENTE
UNIVERSIDADE FEDERAL DO RIO DE JANEIRO,FLAVIA COIMBRA DELICATO,PERMANENTE
UNIVERSIDADE FEDERAL DO RIO DE JANEIRO,GISELI RABELLO LOPES,COLABORADOR
UNIVERSIDADE FEDERAL DO RIO DE JANEIRO,I SHIH LIU,PERMANENTE
UNIVERSIDADE FEDERAL DO RIO DE JANEIRO,JAYME LUIZ SZWARCFITER,PERMANENTE
UNIVERSIDADE FEDERAL DO RIO DE JANEIRO,JOAO ANTONIO RECIO DA PAIXAO,PERMANENTE
UNIVERSIDADE FEDERAL DO RIO DE JANEIRO,JONICE DE OLIVEIRA SAMPAIO,PERMANENTE
UNIVERSIDADE FEDERAL DO RIO DE JANEIRO,JOSE ORLANDO GOMES,PERMANENTE
UNIVERSIDADE FEDERAL DO RIO DE JANEIRO,JOSEFINO CABRAL MELO LIMA,PERMANENTE
UNIVERSIDADE FEDERAL DO RIO DE JANEIRO,LILIAN MARKENZON,PERMANENTE
UNIVERSIDADE FEDERAL DO RIO DE JANEIRO,LUCI PIRMEZ,PERMANENTE
UNIVERSIDADE FEDERAL DO RIO DE JANEIRO,LUIZ FERNANDO RUST DA COSTA CARMO,PERMANENTE
UNIVERSIDADE FEDERAL DO RIO DE JANEIRO,MARCELLO GOULART TEIXEIRA,PERMANENTE
UNIVERSIDADE FEDERAL DO RIO DE JANEIRO,MARCOS ROBERTO DA SILVA BORGES,PERMANENTE
UNIVERSIDADE FEDERAL DO RIO DE JANEIRO,MARIA LUIZA MACHADO CAMPOS,PERMANENTE
UNIVERSIDADE FEDERAL DO RIO DE JANEIRO,MAURO ANTONIO RINCON,PERMANENTE
UNIVERSIDADE FEDERAL DO RIO DE JANEIRO,MITRE COSTA DOURADO,PERMANENTE
UNIVERSIDADE FEDERAL DO RIO DE JANEIRO,MONICA FERREIRA DA SILVA,PERMANENTE
UNIVERSIDADE FEDERAL DO RIO DE JANEIRO,PAULO DE FIGUEIREDO PIRES,PERMANENTE
UNIVERSIDADE FEDERAL DO RIO DE JANEIRO,PAULO VICTOR RODRIGUES DE CARVALHO,PERMANENTE
UNIVERSIDADE FEDERAL DO RIO DE JANEIRO,PRISCILA MACHADO VIEIRA LIMA,PERMANENTE
UNIVERSIDADE FEDERAL DO RIO DE JANEIRO,VINICIUS GUSMAO PEREIRA DE SA,PERMANENTE
UNIVERSIDADE ESTADUAL DE CAMPINAS,ALEXANDRE XAVIER FALCAO,PERMANENTE
UNIVERSIDADE ESTADUAL DE CAMPINAS,ANDERSON DE REZENDE ROCHA,PERMANENTE
UNIVERSIDADE ESTADUAL DE CAMPINAS,ANDRE SANTANCHE,PERMANENTE
UNIVERSIDADE ESTADUAL DE CAMPINAS,ARIADNE MARIA BRITO RIZZONI CARVALHO,PERMANENTE
UNIVERSIDADE ESTADUAL DE CAMPINAS,ARNALDO VIEIRA MOURA,PERMANENTE
UNIVERSIDADE ESTADUAL DE CAMPINAS,BRENO BERNARD NICOLAU DE FRANCA,PERMANENTE
UNIVERSIDADE ESTADUAL DE CAMPINAS,CECILIA MARY FISCHER RUBIRA,PERMANENTE
UNIVERSIDADE ESTADUAL DE CAMPINAS,CHRISTIANE NEME CAMPOS,PERMANENTE
UNIVERSIDADE ESTADUAL DE CAMPINAS,CID CARVALHO DE SOUZA,PERMANENTE
UNIVERSIDADE ESTADUAL DE CAMPINAS,CLAUDIA MARIA BAUZER MEDEIROS,PERMANENTE
UNIVERSIDADE ESTADUAL DE CAMPINAS,DIEGO DE FREITAS ARANHA,PERMANENTE
UNIVERSIDADE ESTADUAL DE CAMPINAS,EDMUNDO ROBERTO MAURO MADEIRA,PERMANENTE
UNIVERSIDADE ESTADUAL DE CAMPINAS,EDSON BORIN,PERMANENTE
UNIVERSIDADE ESTADUAL DE CAMPINAS,EDUARDO CANDIDO XAVIER,PERMANENTE
UNIVERSIDADE ESTADUAL DE CAMPINAS,ELIANE MARTINS,PERMANENTE
UNIVERSIDADE ESTADUAL DE CAMPINAS,ESTHER LUNA COLOMBINI,PERMANENTE
UNIVERSIDADE ESTADUAL DE CAMPINAS,FABIO LUIZ USBERTI,PERMANENTE
UNIVERSIDADE ESTADUAL DE CAMPINAS,FLAVIO KEIDI MIYAZAWA,PERMANENTE
UNIVERSIDADE ESTADUAL DE CAMPINAS,GERBERTH ADIN RAMIREZ RIVERA,PERMANENTE
UNIVERSIDADE ESTADUAL DE CAMPINAS,GUIDO COSTA SOUZA DE ARAUJO,PERMANENTE
UNIVERSIDADE ESTADUAL DE CAMPINAS,GUILHERME PIMENTEL TELLES,PERMANENTE
UNIVERSIDADE ESTADUAL DE CAMPINAS,HEIKO HORST HORNUNG,PERMANENTE
UNIVERSIDADE ESTADUAL DE CAMPINAS,HELIO PEDRINI,PERMANENTE
UNIVERSIDADE ESTADUAL DE CAMPINAS,ISLENE CALCIOLARI GARCIA,PERMANENTE
UNIVERSIDADE ESTADUAL DE CAMPINAS,JACQUES WAINER,PERMANENTE
UNIVERSIDADE ESTADUAL DE CAMPINAS,JOAO MEIDANIS,PERMANENTE
UNIVERSIDADE ESTADUAL DE CAMPINAS,JORGE STOLFI,PERMANENTE
UNIVERSIDADE ESTADUAL DE CAMPINAS,JULIANA FREITAG,PERMANENTE
UNIVERSIDADE ESTADUAL DE CAMPINAS,JULIO CESAR DOS REIS,PERMANENTE
UNIVERSIDADE ESTADUAL DE CAMPINAS,JULIO CESAR LOPEZ HERNANDEZ,PERMANENTE
UNIVERSIDADE ESTADUAL DE CAMPINAS,LEANDRO APARECIDO VILLAS,PERMANENTE
UNIVERSIDADE ESTADUAL DE CAMPINAS,LEHILTON LELIS CHAVES PEDROSA,PERMANENTE
UNIVERSIDADE ESTADUAL DE CAMPINAS,LEONARDO MONTECCHI,PERMANENTE
UNIVERSIDADE ESTADUAL DE CAMPINAS,LUCAS FRANCISCO WANNER,PERMANENTE
UNIVERSIDADE ESTADUAL DE CAMPINAS,LUIZ EDUARDO BUZATO,PERMANENTE
UNIVERSIDADE ESTADUAL DE CAMPINAS,LUIZ FERNANDO BITTENCOURT,PERMANENTE
UNIVERSIDADE ESTADUAL DE CAMPINAS,MARIA CECILIA CALANI BARANAUSKAS,PERMANENTE
UNIVERSIDADE ESTADUAL DE CAMPINAS,MARIO LUCIO CORTES,PERMANENTE
UNIVERSIDADE ESTADUAL DE CAMPINAS,NELSON LUIS SALDANHA DA FONSECA,PERMANENTE
UNIVERSIDADE ESTADUAL DE CAMPINAS,ORLANDO LEE,PERMANENTE
UNIVERSIDADE ESTADUAL DE CAMPINAS,PAULO CESAR CENTODUCATTE,COLABORADOR
UNIVERSIDADE ESTADUAL DE CAMPINAS,PAULO LICIO DE GEUS,PERMANENTE
UNIVERSIDADE ESTADUAL DE CAMPINAS,PEDRO JUSSIEU DE REZENDE,PERMANENTE
UNIVERSIDADE ESTADUAL DE CAMPINAS,RAFAEL CRIVELLARI SALIBA SCHOUERY,PERMANENTE
UNIVERSIDADE ESTADUAL DE CAMPINAS,RICARDO DA SILVA TORRES,PERMANENTE
UNIVERSIDADE ESTADUAL DE CAMPINAS,RICARDO DAHAB,PERMANENTE
UNIVERSIDADE ESTADUAL DE CAMPINAS,RICARDO DE OLIVEIRA ANIDO,COLABORADOR
UNIVERSIDADE ESTADUAL DE CAMPINAS,RODOLFO JARDIM DE AZEVEDO,PERMANENTE
UNIVERSIDADE ESTADUAL DE CAMPINAS,SANDRA ELIZA FONTES DE AVILA,PERMANENTE
UNIVERSIDADE ESTADUAL DE CAMPINAS,SANDRO RIGO,PERMANENTE
UNIVERSIDADE ESTADUAL DE CAMPINAS,SIOME KLEIN GOLDENSTEIN,PERMANENTE
UNIVERSIDADE ESTADUAL DE CAMPINAS,ZANONI DIAS,PERMANENTE
UNIVERSIDADE DE SÃO PAULO,ALAIR PEREIRA DO LAGO,PERMANENTE
UNIVERSIDADE DE SÃO PAULO,ALAN MITCHELL DURHAM,PERMANENTE
UNIVERSIDADE DE SÃO PAULO,ALFREDO GOLDMAN VEL LEJBMAN,PERMANENTE
UNIVERSIDADE DE SÃO PAULO,ANA CRISTINA VIEIRA DE MELO,PERMANENTE
UNIVERSIDADE DE SÃO PAULO,ANAROSA ALVES FRANCO BRANDAO,COLABORADOR
UNIVERSIDADE DE SÃO PAULO,ANATOLI IAMBARTSEV,COLABORADOR
UNIVERSIDADE DE SÃO PAULO,ANDRE FUJITA,PERMANENTE
UNIVERSIDADE DE SÃO PAULO,ARNALDO MANDEL,COLABORADOR
UNIVERSIDADE DE SÃO PAULO,CARLOS EDUARDO FERREIRA,PERMANENTE
UNIVERSIDADE DE SÃO PAULO,CARLOS HITOSHI MORIMOTO,PERMANENTE
UNIVERSIDADE DE SÃO PAULO,CRISTINA GOMES FERNANDES,PERMANENTE
UNIVERSIDADE DE SÃO PAULO,DANIEL DE ANGELIS CORDEIRO,COLABORADOR
UNIVERSIDADE DE SÃO PAULO,DANIEL MACEDO BATISTA,PERMANENTE
UNIVERSIDADE DE SÃO PAULO,DENIS DERATANI MAUA,PERMANENTE
UNIVERSIDADE DE SÃO PAULO,ERNESTO JULIÁN GOLDBERG BIRGIN,PERMANENTE
UNIVERSIDADE DE SÃO PAULO,FABIO KON,PERMANENTE
UNIVERSIDADE DE SÃO PAULO,FERNANDO MARIO DE OLIVEIRA FILHO,PERMANENTE
UNIVERSIDADE DE SÃO PAULO,FLAVIO SOARES CORREA DA SILVA,PERMANENTE
UNIVERSIDADE DE SÃO PAULO,JAIME SIMAO SICHMAN,PERMANENTE
UNIVERSIDADE DE SÃO PAULO,JOAO EDUARDO FERREIRA,PERMANENTE
UNIVERSIDADE DE SÃO PAULO,JOSE AUGUSTO RAMOS SOARES,COLABORADOR
UNIVERSIDADE DE SÃO PAULO,JULIO MICHAEL STERN,PERMANENTE
UNIVERSIDADE DE SÃO PAULO,JUNIOR BARRERA,PERMANENTE
UNIVERSIDADE DE SÃO PAULO,KARINA VALDIVIA DELGADO,COLABORADOR
UNIVERSIDADE DE SÃO PAULO,KELLY ROSA BRAGHETTO,PERMANENTE
UNIVERSIDADE DE SÃO PAULO,LELIANE NUNES DE BARROS,PERMANENTE
UNIVERSIDADE DE SÃO PAULO,LEONIDAS DE OLIVEIRA BRANDAO,COLABORADOR
UNIVERSIDADE DE SÃO PAULO,MARCEL KENJI DE CARLI SILVA,PERMANENTE
UNIVERSIDADE DE SÃO PAULO,MARCEL PAROLIN JACKOWSKI,PERMANENTE
UNIVERSIDADE DE SÃO PAULO,MARCELO FINGER,PERMANENTE
UNIVERSIDADE DE SÃO PAULO,MARCELO GOMES DE QUEIROZ,PERMANENTE
UNIVERSIDADE DE SÃO PAULO,MARCO AURELIO GEROSA,PERMANENTE
UNIVERSIDADE DE SÃO PAULO,MARCO DIMAS GUBITOSO,COLABORADOR
UNIVERSIDADE DE SÃO PAULO,NINA SUMIKO TOMITA,PERMANENTE
UNIVERSIDADE DE SÃO PAULO,PAULO ANDRE VECHIATTO DE MIRANDA,PERMANENTE
UNIVERSIDADE DE SÃO PAULO,RENATA WASSERMANN,PERMANENTE
UNIVERSIDADE DE SÃO PAULO,ROBERTO HIRATA JUNIOR,PERMANENTE
UNIVERSIDADE DE SÃO PAULO,ROBERTO MARCONDES CESAR JUNIOR,PERMANENTE
UNIVERSIDADE DE SÃO PAULO,RONALDO FUMIO HASHIMOTO,PERMANENTE
UNIVERSIDADE DE SÃO PAULO,ROUTO TERADA,COLABORADOR
UNIVERSIDADE DE SÃO PAULO,SIANG WUN SONG,COLABORADOR
UNIVERSIDADE DE SÃO PAULO,SINAI ROBINS,PERMANENTE
UNIVERSIDADE DE SÃO PAULO,WALTER FIGUEIREDO MASCARENHAS,PERMANENTE
UNIVERSIDADE DE SÃO PAULO,YOSHIHARU KOHAYAKAWA,PERMANENTE
UNIVERSIDADE DE SÃO PAULO,YOSHIKO WAKABAYASHI,PERMANENTE
UNIVERSIDADE DE SÃO PAULO ( SÃO CARLOS ),ADENILSO DA SILVA SIMAO,PERMANENTE
UNIVERSIDADE DE SÃO PAULO ( SÃO CARLOS ),AFONSO PAIVA NETO,PERMANENTE
UNIVERSIDADE DE SÃO PAULO ( SÃO CARLOS ),AGMA JUCI MACHADO TRAINA,PERMANENTE
UNIVERSIDADE DE SÃO PAULO ( SÃO CARLOS ),ALEXANDRE CLAUDIO BOTAZZO DELBEM,PERMANENTE
UNIVERSIDADE DE SÃO PAULO ( SÃO CARLOS ),ALNEU DE ANDRADE LOPES,PERMANENTE
UNIVERSIDADE DE SÃO PAULO ( SÃO CARLOS ),ALYSSON MACHADO COSTA,COLABORADOR
UNIVERSIDADE DE SÃO PAULO ( SÃO CARLOS ),ANDRE CARLOS PONCE DE LEON FERREIRA DE CARVALHO,PERMANENTE
UNIVERSIDADE DE SÃO PAULO ( SÃO CARLOS ),ANTONIO CASTELO FILHO,PERMANENTE
UNIVERSIDADE DE SÃO PAULO ( SÃO CARLOS ),CAETANO TRAINA JUNIOR,PERMANENTE
UNIVERSIDADE DE SÃO PAULO ( SÃO CARLOS ),CLAUDIO FABIANO MOTTA TOLEDO,PERMANENTE
UNIVERSIDADE DE SÃO PAULO ( SÃO CARLOS ),CRISTINA DUTRA DE AGUIAR CIFERRI,PERMANENTE
UNIVERSIDADE DE SÃO PAULO ( SÃO CARLOS ),DENIS FERNANDO WOLF,PERMANENTE
UNIVERSIDADE DE SÃO PAULO ( SÃO CARLOS ),DIEGO RAPHAEL AMANCIO,PERMANENTE
UNIVERSIDADE DE SÃO PAULO ( SÃO CARLOS ),DILVAN DE ABREU MOREIRA,PERMANENTE
UNIVERSIDADE DE SÃO PAULO ( SÃO CARLOS ),EDSON DOS SANTOS MOREIRA,PERMANENTE
UNIVERSIDADE DE SÃO PAULO ( SÃO CARLOS ),EDUARDO FONTOURA COSTA,PERMANENTE
UNIVERSIDADE DE SÃO PAULO ( SÃO CARLOS ),EDUARDO MARQUES,PERMANENTE
UNIVERSIDADE DE SÃO PAULO ( SÃO CARLOS ),ELAINE PARROS MACHADO DE SOUSA,PERMANENTE
UNIVERSIDADE DE SÃO PAULO ( SÃO CARLOS ),ELIAS SALOMAO HELOU NETO,PERMANENTE
UNIVERSIDADE DE SÃO PAULO ( SÃO CARLOS ),ELISA YUMI NAKAGAWA,PERMANENTE
UNIVERSIDADE DE SÃO PAULO ( SÃO CARLOS ),ELLEN FRANCINE BARBOSA,PERMANENTE
UNIVERSIDADE DE SÃO PAULO ( SÃO CARLOS ),FABRICIO SIMEONI DE SOUSA,PERMANENTE
UNIVERSIDADE DE SÃO PAULO ( SÃO CARLOS ),FERNANDO SANTOS OSORIO,PERMANENTE
UNIVERSIDADE DE SÃO PAULO ( SÃO CARLOS ),FERNANDO VIEIRA PAULOVICH,PERMANENTE
UNIVERSIDADE DE SÃO PAULO ( SÃO CARLOS ),FRANCISCO APARECIDO RODRIGUES,PERMANENTE
UNIVERSIDADE DE SÃO PAULO ( SÃO CARLOS ),FRANKLINA MARIA BRAGION DE TOLEDO,PERMANENTE
UNIVERSIDADE DE SÃO PAULO ( SÃO CARLOS ),GUSTAVO CARLOS BUSCAGLIA,PERMANENTE
UNIVERSIDADE DE SÃO PAULO ( SÃO CARLOS ),GUSTAVO ENRIQUE DE ALMEIDA PRADO ALVES BATISTA,PERMANENTE
UNIVERSIDADE DE SÃO PAULO ( SÃO CARLOS ),JO UEYAMA,PERMANENTE
UNIVERSIDADE DE SÃO PAULO ( SÃO CARLOS ),JOAO DO ESPIRITO SANTO BATISTA NETO,PERMANENTE
UNIVERSIDADE DE SÃO PAULO ( SÃO CARLOS ),JOAO LUIS GARCIA ROSA,PERMANENTE
UNIVERSIDADE DE SÃO PAULO ( SÃO CARLOS ),JOAO PORTO DE ALBUQUERQUE PEREIRA,PERMANENTE
UNIVERSIDADE DE SÃO PAULO ( SÃO CARLOS ),JOSE ALBERTO CUMINATO,PERMANENTE
UNIVERSIDADE DE SÃO PAULO ( SÃO CARLOS ),JOSE CARLOS MALDONADO,PERMANENTE
UNIVERSIDADE DE SÃO PAULO ( SÃO CARLOS ),JOSE FERNANDO RODRIGUES JUNIOR,PERMANENTE
UNIVERSIDADE DE SÃO PAULO ( SÃO CARLOS ),JULIO CEZAR ESTRELLA,PERMANENTE
UNIVERSIDADE DE SÃO PAULO ( SÃO CARLOS ),KALINKA REGINA LUCAS JAQUIE CASTELO BRANCO,PERMANENTE
UNIVERSIDADE DE SÃO PAULO ( SÃO CARLOS ),LEANDRO FRANCO DE SOUZA,PERMANENTE
UNIVERSIDADE DE SÃO PAULO ( SÃO CARLOS ),LUCIANO DA FONTOURA COSTA,COLABORADOR
UNIVERSIDADE DE SÃO PAULO ( SÃO CARLOS ),LUIS GUSTAVO NONATO,PERMANENTE
UNIVERSIDADE DE SÃO PAULO ( SÃO CARLOS ),MARCELO GARCIA MANZATO,PERMANENTE
UNIVERSIDADE DE SÃO PAULO ( SÃO CARLOS ),MARCIO EDUARDO DELAMARO,PERMANENTE
UNIVERSIDADE DE SÃO PAULO ( SÃO CARLOS ),MARCIO FUZETO GAMEIRO,COLABORADOR
UNIVERSIDADE DE SÃO PAULO ( SÃO CARLOS ),MARCOS JOSE SANTANA,PERMANENTE
UNIVERSIDADE DE SÃO PAULO ( SÃO CARLOS ),MARIA CRISTINA FERREIRA DE OLIVEIRA,PERMANENTE
UNIVERSIDADE DE SÃO PAULO ( SÃO CARLOS ),MARIA DA GRACA CAMPOS PIMENTEL,PERMANENTE
UNIVERSIDADE DE SÃO PAULO ( SÃO CARLOS ),MARIA DAS GRACAS VOLPE NUNES,COLABORADOR
UNIVERSIDADE DE SÃO PAULO ( SÃO CARLOS ),MARINA ANDRETTA,PERMANENTE
UNIVERSIDADE DE SÃO PAULO ( SÃO CARLOS ),MARISTELA OLIVEIRA DOS SANTOS,PERMANENTE
UNIVERSIDADE DE SÃO PAULO ( SÃO CARLOS ),MOACIR ANTONELLI PONTI,PERMANENTE
UNIVERSIDADE DE SÃO PAULO ( SÃO CARLOS ),MURILO FRANCISCO TOME,PERMANENTE
UNIVERSIDADE DE SÃO PAULO ( SÃO CARLOS ),ODEMIR MARTINEZ BRUNO,PERMANENTE
UNIVERSIDADE DE SÃO PAULO ( SÃO CARLOS ),PAULO SERGIO LOPES DE SOUZA,PERMANENTE
UNIVERSIDADE DE SÃO PAULO ( SÃO CARLOS ),RENATA PONTIN DE MATTOS FORTES,PERMANENTE
UNIVERSIDADE DE SÃO PAULO ( SÃO CARLOS ),RICARDO JOSE GABRIELLI BARRETO CAMPELLO,PERMANENTE
UNIVERSIDADE DE SÃO PAULO ( SÃO CARLOS ),ROBERTO FEDERICO AUSAS,COLABORADOR
UNIVERSIDADE DE SÃO PAULO ( SÃO CARLOS ),ROBSON LEONARDO FERREIRA CORDEIRO,COLABORADOR
UNIVERSIDADE DE SÃO PAULO ( SÃO CARLOS ),RODRIGO FERNANDES DE MELLO,PERMANENTE
UNIVERSIDADE DE SÃO PAULO ( SÃO CARLOS ),ROSANA TERESINHA VACCARE BRAGA,PERMANENTE
UNIVERSIDADE DE SÃO PAULO ( SÃO CARLOS ),ROSANE MINGHIM,PERMANENTE
UNIVERSIDADE DE SÃO PAULO ( SÃO CARLOS ),ROSELI APARECIDA FRANCELIN ROMERO,PERMANENTE
UNIVERSIDADE DE SÃO PAULO ( SÃO CARLOS ),RUDINEI GOULARTE,PERMANENTE
UNIVERSIDADE DE SÃO PAULO ( SÃO CARLOS ),SANDRA MARIA ALUISIO,PERMANENTE
UNIVERSIDADE DE SÃO PAULO ( SÃO CARLOS ),SARITA MAZZINI BRUSCHI,COLABORADOR
UNIVERSIDADE DE SÃO PAULO ( SÃO CARLOS ),SEIJI ISOTANI,PERMANENTE
UNIVERSIDADE DE SÃO PAULO ( SÃO CARLOS ),SIMONE DO ROCIO SENGER DE SOUZA,PERMANENTE
UNIVERSIDADE DE SÃO PAULO ( SÃO CARLOS ),SOLANGE OLIVEIRA REZENDE,PERMANENTE
UNIVERSIDADE DE SÃO PAULO ( SÃO CARLOS ),THIAGO ALEXANDRE SALGUEIRO PARDO,PERMANENTE
UNIVERSIDADE DE SÃO PAULO ( SÃO CARLOS ),VANDERLEI BONATO,PERMANENTE
UNIVERSIDADE DE SÃO PAULO ( SÃO CARLOS ),ZHAO LIANG,PERMANENTE
